ref,categorie,famille,filetage,D1,D2,D3,L1,L2,L3,angle,R,dents,pas,prepercage,longueur_utile,prix_eur,groupe_prix,designation_de,page_catalogue
0068803A,Fraise droite (1 à 8 dents),Fraise 1 dent 4-IN-1,,3,6,,40,5,,,,1,,,,38.68,RG2,"Einschneider – gewuchtet, Planschneide, poliert",
0068803E,Fraise droite (1 à 8 dents),Fraise 1 dent 4-IN-1,,3,6,2.8,50,9,13,,,1,,,,40.56,RG2,"Einschneider – gewuchtet, Planschneide, poliert, Freisch",
0068803K,Fraise droite (1 à 8 dents),Fraise 1 dent 4-IN-1,,3,6,,45,9,,,,1,,,,39.95,RG2,"Einschneider – gewuchtet, Planschneide, poliert",
0068803L,Fraise droite (1 à 8 dents),Fraise 1 dent 4-IN-1,,3,6,2.8,50,9,16,,,1,,,,41.2,RG2,"Einschneider – gewuchtet, Planschneide, poliert, Freisch",
0068803X,Fraise droite (1 à 8 dents),Fraise 1 dent 4-IN-1,,3,6,,50,13,,,,1,,,,42.44,RG2,"Einschneider – gewuchtet, Planschneide, poliert",
0068804A,Fraise droite (1 à 8 dents),Fraise 1 dent 4-IN-1,,4,6,,40,5,,,,1,,,,39.95,RG2,"Einschneider – gewuchtet, Planschneide, poliert",
0068804E,Fraise droite (1 à 8 dents),Fraise 1 dent 4-IN-1,,4,6,3.7,50,9,16,,,1,,,,41.8,RG2,"Einschneider – gewuchtet, Planschneide, poliert, Freisch",
0068804K,Fraise droite (1 à 8 dents),Fraise 1 dent 4-IN-1,,4,6,,45,9,,,,1,,,,41.2,RG2,"Einschneider – gewuchtet, Planschneide, poliert",
0068804L,Fraise droite (1 à 8 dents),Fraise 1 dent 4-IN-1,,4,6,3.7,55,9,21,,,1,,,,42.44,RG2,"Einschneider – gewuchtet, Planschneide, poliert, Freisch",
0068804X,Fraise droite (1 à 8 dents),Fraise 1 dent 4-IN-1,,4,6,,55,16,,,,1,,,,43.69,RG2,"Einschneider – gewuchtet, Planschneide, poliert",
0068805A,Fraise droite (1 à 8 dents),Fraise 1 dent 4-IN-1,,5,6,,45,7,,,,1,,,,42.44,RG2,"Einschneider – gewuchtet, Planschneide, poliert",
0068805E,Fraise droite (1 à 8 dents),Fraise 1 dent 4-IN-1,,5,6,4.6,60,11,21,,,1,,,,44.32,RG2,"Einschneider – gewuchtet, Planschneide, poliert, Freisch",
0068805K,Fraise droite (1 à 8 dents),Fraise 1 dent 4-IN-1,,5,6,,50,11,,,,1,,,,43.69,RG2,"Einschneider – gewuchtet, Planschneide, poliert",
0068805L,Fraise droite (1 à 8 dents),Fraise 1 dent 4-IN-1,,5,6,4.6,60,11,26,,,1,,,,44.96,RG2,"Einschneider – gewuchtet, Planschneide, poliert, Freisch",
0068805X,Fraise droite (1 à 8 dents),Fraise 1 dent 4-IN-1,,5,6,,55,16,,,,1,,,,46.2,RG2,"Einschneider – gewuchtet, Planschneide, poliert",
0068806A,Fraise droite (1 à 8 dents),Fraise 1 dent 4-IN-1,,6,6,,45,7,,,,1,,,,44.96,RG2,"Einschneider – gewuchtet, Planschneide, poliert",
0068806E,Fraise droite (1 à 8 dents),Fraise 1 dent 4-IN-1,,6,6,5.5,60,13,26,,,1,,,,48.7,RG2,"Einschneider – gewuchtet, Planschneide, poliert, Freisch",
0068806K,Fraise droite (1 à 8 dents),Fraise 1 dent 4-IN-1,,6,6,,50,13,,,,1,,,,46.82,RG2,"Einschneider – gewuchtet, Planschneide, poliert",
0068806L,Fraise droite (1 à 8 dents),Fraise 1 dent 4-IN-1,,6,6,5.5,65,13,31,,,1,,,,50.58,RG2,"Einschneider – gewuchtet, Planschneide, poliert, Freisch",
0068806X,Fraise droite (1 à 8 dents),Fraise 1 dent 4-IN-1,,6,6,,55,21,,,,1,,,,52.46,RG2,"Einschneider – gewuchtet, Planschneide, poliert",
0068808A,Fraise droite (1 à 8 dents),Fraise 1 dent 4-IN-1,,8,8,,45,9,,,,1,,,,55.15,RG2,"Einschneider – gewuchtet, Planschneide, poliert",
0068808E,Fraise droite (1 à 8 dents),Fraise 1 dent 4-IN-1,,8,8,7.4,65,17,31,,,1,,,,60.55,RG2,"Einschneider – gewuchtet, Planschneide, poliert, Freisch",
0068808K,Fraise droite (1 à 8 dents),Fraise 1 dent 4-IN-1,,8,8,,55,17,,,,1,,,,57.84,RG2,"Einschneider – gewuchtet, Planschneide, poliert",
0068808L,Fraise droite (1 à 8 dents),Fraise 1 dent 4-IN-1,,8,8,7.4,75,17,41,,,1,,,,63.23,RG2,"Einschneider – gewuchtet, Planschn.,pol., Freischliff; min",
0068808X,Fraise droite (1 à 8 dents),Fraise 1 dent 4-IN-1,,8,8,,65,26,,,,1,,,,65.94,RG2,"Einschneider – gewuchtet, Planschneide, poliert",
0068810A,Fraise droite (1 à 8 dents),Fraise 1 dent 4-IN-1,,10,10,,50,11,,,,1,,,,67.28,RG2,"Einschneider – gewuchtet, Planschneide, poliert",
0068810E,Fraise droite (1 à 8 dents),Fraise 1 dent 4-IN-1,,10,10,9.2,75,21,41,,,1,,,,74.02,RG2,"Einschneider – gewuchtet, Planschneide, poliert, Freisch",
0068810K,Fraise droite (1 à 8 dents),Fraise 1 dent 4-IN-1,,10,10,,60,21,,,,1,,,,70.64,RG2,"Einschneider – gewuchtet, Planschneide, poliert",
0068810L,Fraise droite (1 à 8 dents),Fraise 1 dent 4-IN-1,,10,10,9.2,85,21,51,,,1,,,,77.38,RG2,"Einschneider – gewuchtet, Planschneide, poliert, Freisch",
0068810X,Fraise droite (1 à 8 dents),Fraise 1 dent 4-IN-1,,10,10,,70,32,,,,1,,,,80.77,RG2,"Einschneider – gewuchtet, Planschneide, poliert",
0068812A,Fraise droite (1 à 8 dents),Fraise 1 dent 4-IN-1,,12,12,,55,14,,,,1,,,,94.24,RG2,"Einschneider – gewuchtet, Planschneide, poliert",
0068812E,Fraise droite (1 à 8 dents),Fraise 1 dent 4-IN-1,,12,12,11,85,26,51,,,1,,,,102.34,RG2,"Einschneider – gewuchtet, Planschneide, poliert, Freisch",
0068812K,Fraise droite (1 à 8 dents),Fraise 1 dent 4-IN-1,,12,12,,65,26,,,,1,,,,98.29,RG2,"Einschneider – gewuchtet, Planschneide, poliert",
0068812L,Fraise droite (1 à 8 dents),Fraise 1 dent 4-IN-1,,12,12,11,95,26,61,,,1,,,,106.37,RG2,"Einschneider – gewuchtet, Planschneide, poliert, Freisch",
0068812X,Fraise droite (1 à 8 dents),Fraise 1 dent 4-IN-1,,12,12,,75,36,,,,1,,,,110.42,RG2,"Einschneider – gewuchtet, Planschneide, poliert",
0078310E,Fraise droite (1 à 8 dents),Fraise 1 dent arête polie (acrylique),,1,6,,50,4,,,,1,,,,41.41,RG2,Einschneider – mit polierter Schneide,
0078320E,Fraise droite (1 à 8 dents),Fraise 1 dent arête polie (acrylique),,2,6,,50,7,,,,1,,,,41.41,RG2,Einschneider – mit polierter Schneide,
0078320L,Fraise droite (1 à 8 dents),Fraise 1 dent arête polie (acrylique),,2,6,,50,11,,,,1,,,,44.04,RG2,Einschneider – mit polierter Schneide,
0078330E,Fraise droite (1 à 8 dents),Fraise 1 dent arête polie (acrylique),,3,6,,50,8,,,,1,,,,41.41,RG2,Einschneider – mit polierter Schneide,
0078330L,Fraise droite (1 à 8 dents),Fraise 1 dent arête polie (acrylique),,3,6,,50,12,,,,1,,,,44.04,RG2,Einschneider – mit polierter Schneide,
0078334E,Fraise droite (1 à 8 dents),Fraise 1 dent arête polie (acrylique),,4,6,,50,10,,,,1,,,,41.41,RG2,Einschneider – mit polierter Schneide,
0078334L,Fraise droite (1 à 8 dents),Fraise 1 dent arête polie (acrylique),,4,6,,60,22,,,,1,,,,44.04,RG2,Einschneider – mit polierter Schneide,
0078335E,Fraise droite (1 à 8 dents),Fraise 1 dent arête polie (acrylique),,5,6,,50,12,,,,1,,,,41.41,RG2,Einschneider – mit polierter Schneide,
0078335L,Fraise droite (1 à 8 dents),Fraise 1 dent arête polie (acrylique),,5,6,,60,22,,,,1,,,,44.04,RG2,Einschneider – mit polierter Schneide,
0078360E,Fraise droite (1 à 8 dents),Fraise 1 dent arête polie (acrylique),,6,6,,50,14,,,,1,,,,41.41,RG2,Einschneider – mit polierter Schneide,
0078360L,Fraise droite (1 à 8 dents),Fraise 1 dent arête polie (acrylique),,6,6,,60,22,,,,1,,,,44.04,RG2,Einschneider – mit polierter Schneide,
0078338E,Fraise droite (1 à 8 dents),Fraise 1 dent arête polie (acrylique),,8,8,,60,22,,,,1,,,,61.58,RG2,Einschneider – mit polierter Schneide,
0078338L,Fraise droite (1 à 8 dents),Fraise 1 dent arête polie (acrylique),,8,8,,70,32,,,,1,,,,68.66,RG2,Einschneider – mit polierter Schneide,
0078339E,Fraise droite (1 à 8 dents),Fraise 1 dent arête polie (acrylique),,10,10,,75,32,,,,1,,,,79.99,RG2,Einschneider – mit polierter Schneide,
0068492E,Fraise droite (1 à 8 dents),Fraise 1 dent avec dépouille,,2,6,1.8,50,7,14,,,1,,,,37.34,RG2,Einschneider – mit Freischliff,
0068492K,Fraise droite (1 à 8 dents),Fraise 1 dent avec dépouille,,2,6,1.8,50,4,12,,,1,,,,37.34,RG2,Einschneider – mit Freischliff,
0068493D,Fraise droite (1 à 8 dents),Fraise 1 dent avec dépouille,,3,6,2.7,50,4,17,,,1,,,,37.34,RG2,Einschneider – mit Freischliff,
0068493E,Fraise droite (1 à 8 dents),Fraise 1 dent avec dépouille,,3,6,2.7,50,8,14,,,1,,,,37.34,RG2,Einschneider – mit Freischliff,
0068493F,Fraise droite (1 à 8 dents),Fraise 1 dent avec dépouille,,3,6,2.7,50,4,21,,,1,,,,37.34,RG2,Einschneider – mit Freischliff,
0068493K,Fraise droite (1 à 8 dents),Fraise 1 dent avec dépouille,,3,6,2.7,50,4,14,,,1,,,,37.34,RG2,Einschneider – mit Freischliff,
0068493L,Fraise droite (1 à 8 dents),Fraise 1 dent avec dépouille,,3,6,2.7,50,8,21,,,1,,,,37.34,RG2,Einschneider – mit Freischliff,
0068493S,Fraise droite (1 à 8 dents),Fraise 1 dent avec dépouille,,3,6,2.7,50,8,17,,,1,,,,37.34,RG2,Einschneider – mit Freischliff,
0068494D,Fraise droite (1 à 8 dents),Fraise 1 dent avec dépouille,,4,6,3.6,50,5,21,,,1,,,,37.34,RG2,Einschneider – mit Freischliff,
0068494E,Fraise droite (1 à 8 dents),Fraise 1 dent avec dépouille,,4,6,3.6,50,10,18,,,1,,,,37.34,RG2,Einschneider – mit Freischliff,
0068494K,Fraise droite (1 à 8 dents),Fraise 1 dent avec dépouille,,4,6,3.6,50,5,18,,,1,,,,37.34,RG2,Einschneider – mit Freischliff,
0068494S,Fraise droite (1 à 8 dents),Fraise 1 dent avec dépouille,,4,6,3.6,50,10,21,,,1,,,,37.34,RG2,Einschneider – mit Freischliff,
0068495E,Fraise droite (1 à 8 dents),Fraise 1 dent avec dépouille,,5,6,4.4,50,12,22,,,1,,,,37.34,RG2,Einschneider – mit Freischliff,
0068495K,Fraise droite (1 à 8 dents),Fraise 1 dent avec dépouille,,5,6,4.4,60,5,22,,,1,,,,37.34,RG2,Einschneider – mit Freischliff,
0068496E,Fraise droite (1 à 8 dents),Fraise 1 dent avec dépouille,,6,6,5.3,50,14,24,,,1,,,,37.34,RG2,Einschneider – mit Freischliff,
0068496F,Fraise droite (1 à 8 dents),Fraise 1 dent avec dépouille,,6,6,5.3,60,5,30,,,1,,,,37.34,RG2,Einschneider – mit Freischliff,
0068496K,Fraise droite (1 à 8 dents),Fraise 1 dent avec dépouille,,6,6,5.3,60,5,24,,,1,,,,37.34,RG2,Einschneider – mit Freischliff,
0068496L,Fraise droite (1 à 8 dents),Fraise 1 dent avec dépouille,,6,6,5.3,60,14,30,,,1,,,,37.34,RG2,Einschneider – mit Freischliff,
0068471E,Fraise droite (1 à 8 dents),Fraise 1 dent hélice à gauche,,1.5,6,,50,7,,,,1,,,,35.23,RG2,"Einschneider – linkspiralisiert, rechtsschneidend",
0068472E,Fraise droite (1 à 8 dents),Fraise 1 dent hélice à gauche,,2,6,,50,7,,,,1,,,,35.23,RG2,"Einschneider – linkspiralisiert, rechtsschneidend",
0068473E,Fraise droite (1 à 8 dents),Fraise 1 dent hélice à gauche,,3,6,,50,8,,,,1,,,,35.23,RG2,"Einschneider – linkspiralisiert, rechtsschneidend",
0068474E,Fraise droite (1 à 8 dents),Fraise 1 dent hélice à gauche,,4,6,,50,10,,,,1,,,,35.23,RG2,"Einschneider – linkspiralisiert, rechtsschneidend",
0068475E,Fraise droite (1 à 8 dents),Fraise 1 dent hélice à gauche,,5,6,,50,12,,,,1,,,,35.23,RG2,"Einschneider – linkspiralisiert, rechtsschneidend",
0068476E,Fraise droite (1 à 8 dents),Fraise 1 dent hélice à gauche,,6,6,,50,14,,,,1,,,,35.23,RG2,"Einschneider – linkspiralisiert, rechtsschneidend",
0068476L,Fraise droite (1 à 8 dents),Fraise 1 dent hélice à gauche,,6,6,,60,20,,,,1,,,,35.23,RG2,"Einschneider – linkspiralisiert, rechtsschneidend",
0068003E,Fraise droite (1 à 8 dents),Fraise 1 dent standard,,0.3,3,,38,1,,,,1,,,,16.52,RG2,Einschneider,
0068004E,Fraise droite (1 à 8 dents),Fraise 1 dent standard,,0.4,3,,38,1,,,,1,,,,16.52,RG1,Einschneider,
0068005E,Fraise droite (1 à 8 dents),Fraise 1 dent standard,,0.5,3,,38,1.5,,,,1,,,,16.52,RG1,Einschneider,
0068006E,Fraise droite (1 à 8 dents),Fraise 1 dent standard,,0.6,3,,38,2.5,,,,1,,,,16.52,RG2,Einschneider,
0068606E,Fraise droite (1 à 8 dents),Fraise 1 dent standard,,0.6,3.175,,38,3,,,,1,,,,13.15,RG1,Einschneider,
0068008E,Fraise droite (1 à 8 dents),Fraise 1 dent standard,,0.8,3,,38,3,,,,1,,,,16.52,RG1,Einschneider,
0068608E,Fraise droite (1 à 8 dents),Fraise 1 dent standard,,0.8,3.175,,38,3,,,,1,,,,13.15,RG1,Einschneider,
0068010E,Fraise droite (1 à 8 dents),Fraise 1 dent standard,,1,3,,38,4,,,,1,,,,16.52,RG1,Einschneider,
0068410E,Fraise droite (1 à 8 dents),Fraise 1 dent standard,,1,6,,50,4,,,,1,,,,30.93,RG2,Einschneider,
0068610E,Fraise droite (1 à 8 dents),Fraise 1 dent standard,,1,3.175,,38,3,,,,1,,,,13.15,RG1,Einschneider,
0068612E,Fraise droite (1 à 8 dents),Fraise 1 dent standard,,1.2,3.175,,38,4,,,,1,,,,13.15,RG1,Einschneider,
0068015E,Fraise droite (1 à 8 dents),Fraise 1 dent standard,,1.5,3,,38,5,,,,1,,,,16.52,RG1,Einschneider,
0068415A,Fraise droite (1 à 8 dents),Fraise 1 dent standard,,1.5,6,,50,3,,,,1,,,,29.54,RG2,Einschneider,
0068415E,Fraise droite (1 à 8 dents),Fraise 1 dent standard,,1.5,6,,50,7,,,,1,,,,30.93,RG2,Einschneider,
0068415Y,Fraise droite (1 à 8 dents),Fraise 1 dent standard,,1.5,4,,40,5,,,,1,,,,27.03,RG2,Einschneider,
0068615E,Fraise droite (1 à 8 dents),Fraise 1 dent standard,,1.5,3.175,,38,4,,,,1,,,,13.15,RG1,Einschneider,
0078415E,Fraise droite (1 à 8 dents),Fraise 1 dent standard,,1.5,6,,58,7,,,,1,,,,29.54,RG2,Einschneider,
0068016E,Fraise droite (1 à 8 dents),Fraise 1 dent standard,,1.6,3,,38,5,,,,1,,,,16.52,RG1,Einschneider,
0068020E,Fraise droite (1 à 8 dents),Fraise 1 dent standard,,2,3,,40,8,,,,1,,,,16.52,RG1,Einschneider,
0068020G,Fraise droite (1 à 8 dents),Fraise 1 dent standard,,2,3,,40,6,,,,1,,,,15.78,RG2,Einschneider,
0068020L,Fraise droite (1 à 8 dents),Fraise 1 dent standard,,2,3,,40,10,,,,1,,,,16.52,RG1,Einschneider,
0068020W,Fraise droite (1 à 8 dents),Fraise 1 dent standard,,2,3,,65,15,,,,1,,,,37.44,RG2,Einschneider,
0068432A,Fraise droite (1 à 8 dents),Fraise 1 dent standard,,2,6,,50,5,,,,1,,,,29.54,RG2,Einschneider,
0068432E,Fraise droite (1 à 8 dents),Fraise 1 dent standard,,2,6,,50,7,,,,1,,,,29.54,RG2,Einschneider,
0068432L,Fraise droite (1 à 8 dents),Fraise 1 dent standard,,2,6,,50,11,,,,1,,,,29.54,RG2,Einschneider,
0068432Y,Fraise droite (1 à 8 dents),Fraise 1 dent standard,,2,4,,40,8,,,,1,,,,27.03,RG2,Einschneider,
0068620E,Fraise droite (1 à 8 dents),Fraise 1 dent standard,,2,3.175,,38,8,,,,1,,,,13.15,RG1,Einschneider,
0068620F,Fraise droite (1 à 8 dents),Fraise 1 dent standard,,2,3.175,,40,11.5,,,,1,,,,15.78,RG1,Einschneider,
0068620G,Fraise droite (1 à 8 dents),Fraise 1 dent standard,,2,3.175,,40,5,,,,1,,,,15.78,RG1,Einschneider,
0078420E,Fraise droite (1 à 8 dents),Fraise 1 dent standard,,2,6,,58,7,,,,1,,,,29.54,RG2,Einschneider,
0068024A,Fraise droite (1 à 8 dents),Fraise 1 dent standard,,2.4,3,,40,5.5,,,,1,,,,16.52,RG2,Einschneider,
0068024E,Fraise droite (1 à 8 dents),Fraise 1 dent standard,,2.4,3,,40,8,,,,1,,,,16.52,RG1,Einschneider,
0068024L,Fraise droite (1 à 8 dents),Fraise 1 dent standard,,2.4,3,,40,10,,,,1,,,,16.52,RG2,Einschneider,
0068624E,Fraise droite (1 à 8 dents),Fraise 1 dent standard,,2.4,3.175,,38,8,,,,1,,,,13.15,RG1,Einschneider,
0078424E,Fraise droite (1 à 8 dents),Fraise 1 dent standard,,2.4,6,,50,8,,,,1,,,,29.54,RG2,Einschneider,
0068425A,Fraise droite (1 à 8 dents),Fraise 1 dent standard,,2.5,6,,50,5,,,,1,,,,29.54,RG2,Einschneider,
0078425E,Fraise droite (1 à 8 dents),Fraise 1 dent standard,,2.5,6,,58,8,,,,1,,,,29.54,RG2,Einschneider,
0068030E,Fraise droite (1 à 8 dents),Fraise 1 dent standard,,3,3,,40,10,,,,1,,,,16.52,RG1,Einschneider,
0068030W,Fraise droite (1 à 8 dents),Fraise 1 dent standard,,3,3,,65,15,,,,1,,,,37.44,RG2,Einschneider,
0068030Y,Fraise droite (1 à 8 dents),Fraise 1 dent standard,,3,3,,65,10,,,,1,,,,31.79,RG2,Einschneider,
0068030Z,Fraise droite (1 à 8 dents),Fraise 1 dent standard,,3,3,,40,10.5,,,,1,,,,16.52,RG1,Einschneider,
0068430A,Fraise droite (1 à 8 dents),Fraise 1 dent standard,,3,6,,50,5,,,,1,,,,29.54,RG2,Einschneider,
0068430E,Fraise droite (1 à 8 dents),Fraise 1 dent standard,,3,6,,50,8,,,,1,,,,29.54,RG2,Einschneider,
0068430L,Fraise droite (1 à 8 dents),Fraise 1 dent standard,,3,6,,50,12,,,,1,,,,29.54,RG2,Einschneider,
0068430S,Fraise droite (1 à 8 dents),Fraise 1 dent standard,,3,6,,50,10,,,,1,,,,29.54,RG2,Einschneider,
0068430Y,Fraise droite (1 à 8 dents),Fraise 1 dent standard,,3,4,,40,10,,,,1,,,,27.03,RG2,Einschneider,
0068630E,Fraise droite (1 à 8 dents),Fraise 1 dent standard,,3,3.175,,38,9,,,,1,,,,13.15,RG1,Einschneider,
0068630F,Fraise droite (1 à 8 dents),Fraise 1 dent standard,,3,3.175,,40,11.5,,,,1,,,,15.78,RG1,Einschneider,
0078430E,Fraise droite (1 à 8 dents),Fraise 1 dent standard,,3,6,,58,8,,,,1,,,,29.54,RG2,Einschneider,
0078430S,Fraise droite (1 à 8 dents),Fraise 1 dent standard,,3,6,,58,10,,,,1,,,,29.54,RG2,Einschneider,
0078435E,Fraise droite (1 à 8 dents),Fraise 1 dent standard,,3.5,6,,58,10,,,,1,,,,29.54,RG2,Einschneider,
0068434A,Fraise droite (1 à 8 dents),Fraise 1 dent standard,,4,6,,50,5,,,,1,,,,29.54,RG2,Einschneider,
0068434B,Fraise droite (1 à 8 dents),Fraise 1 dent standard,,4,6,,50,7,,,,1,,,,29.54,RG2,Einschneider,
0068434E,Fraise droite (1 à 8 dents),Fraise 1 dent standard,,4,6,,50,10,,,,1,,,,29.54,RG2,Einschneider,
0068434F,Fraise droite (1 à 8 dents),Fraise 1 dent standard,,4,6,,58,20,,,,1,,,,31.54,RG2,Einschneider,
0068434L,Fraise droite (1 à 8 dents),Fraise 1 dent standard,,4,6,,50,12,,,,1,,,,29.54,RG2,Einschneider,
0068434S,Fraise droite (1 à 8 dents),Fraise 1 dent standard,,4,6,,60,14,,,,1,,,,31.54,RG2,Einschneider,
0068434Y,Fraise droite (1 à 8 dents),Fraise 1 dent standard,,4,4,,40,10,,,,1,,,,27.03,RG2,Einschneider,
0068434Z,Fraise droite (1 à 8 dents),Fraise 1 dent standard,,4,6,,45,14,,,,1,,,,29.54,RG2,Einschneider,
0078440E,Fraise droite (1 à 8 dents),Fraise 1 dent standard,,4,6,,58,10,,,,1,,,,29.54,RG2,Einschneider,
0078440L,Fraise droite (1 à 8 dents),Fraise 1 dent standard,,4,6,,58,18,,,,1,,,,31.54,RG2,Einschneider,
0068435B,Fraise droite (1 à 8 dents),Fraise 1 dent standard,,5,6,,50,8,,,,1,,,,29.54,RG2,Einschneider,
0068435E,Fraise droite (1 à 8 dents),Fraise 1 dent standard,,5,6,,50,12,,,,1,,,,29.54,RG2,Einschneider,
0068435L,Fraise droite (1 à 8 dents),Fraise 1 dent standard,,5,6,,58,22,,,,1,,,,31.54,RG2,Einschneider,
0068460A,Fraise droite (1 à 8 dents),Fraise 1 dent standard,,6,6,,58,25,,,,1,,,,39.43,RG2,Einschneider,
0068460B,Fraise droite (1 à 8 dents),Fraise 1 dent standard,,6,6,,65,30,,,,1,,,,39.43,RG2,Einschneider,
0068460C,Fraise droite (1 à 8 dents),Fraise 1 dent standard,,6,6,,50,8,,,,1,,,,29.54,RG2,Einschneider,
0068460E,Fraise droite (1 à 8 dents),Fraise 1 dent standard,,6,6,,50,14,,,,1,,,,29.54,RG2,Einschneider,
0068460L,Fraise droite (1 à 8 dents),Fraise 1 dent standard,,6,6,,60,20,,,,1,,,,29.54,RG2,Einschneider,
0068079E,Fraise droite (1 à 8 dents),Fraise 1 dent standard,,7,8,,60,14,,,,1,,,,37.21,RG2,Einschneider,
0068080A,Fraise droite (1 à 8 dents),Fraise 1 dent standard,,8,8,,60,25,,,,1,,,,52.45,RG2,Einschneider,
0068080B,Fraise droite (1 à 8 dents),Fraise 1 dent standard,,8,8,,80,32,,,,1,,,,65.13,RG2,Einschneider,
0068080E,Fraise droite (1 à 8 dents),Fraise 1 dent standard,,8,8,,60,14,,,,1,,,,37.21,RG2,Einschneider,
0068080L,Fraise droite (1 à 8 dents),Fraise 1 dent standard,,8,8,,60,20,,,,1,,,,41.66,RG2,Einschneider,
0068470E,Fraise droite (1 à 8 dents),Fraise 1 dent standard,,10,10,,60,20,,,,1,,,,45.29,RG2,Einschneider,
0068470L,Fraise droite (1 à 8 dents),Fraise 1 dent standard,,10,10,,100,40,,,,1,,,,86.55,RG2,Einschneider,
0068085E,Fraise droite (1 à 8 dents),Fraise 1 dent équilibrée,,5,6,4.8,50,8.75,13.5,,,1,,,,39.97,RG2,Einschneider – gewuchtet,
0068085S,Fraise droite (1 à 8 dents),Fraise 1 dent équilibrée,,5,8,4.8,50,8.75,13.5,,,1,,,,54.93,RG2,Einschneider – gewuchtet,
0068086E,Fraise droite (1 à 8 dents),Fraise 1 dent équilibrée,,6,6,5.5,50,10.5,16.5,,,1,,,,41.41,RG2,Einschneider – gewuchtet,
0068086L,Fraise droite (1 à 8 dents),Fraise 1 dent équilibrée,,6,6,5.5,50,16,23.5,,,1,,,,42.85,RG2,Einschneider – gewuchtet,
0068086S,Fraise droite (1 à 8 dents),Fraise 1 dent équilibrée,,6,8,5.5,50,10.5,16.5,,,1,,,,56.33,RG2,Einschneider – gewuchtet,
0068086X,Fraise droite (1 à 8 dents),Fraise 1 dent équilibrée,,6,6,5.5,55,21,27,,,1,,,,49.67,RG2,Einschneider – gewuchtet,
0068080D,Fraise droite (1 à 8 dents),Fraise 1 dent équilibrée,,8,8,7.4,70,14,43,,,1,,,,55.49,RG2,Einschneider – gewuchtet,
0068088E,Fraise droite (1 à 8 dents),Fraise 1 dent équilibrée,,8,8,7.4,60,14,26,,,1,,,,50.67,RG2,Einschneider – gewuchtet,
0068088K,Fraise droite (1 à 8 dents),Fraise 1 dent équilibrée,,8,8,7.4,50,8,12.5,,,1,,,,48.98,RG2,Einschneider – gewuchtet,
0068088L,Fraise droite (1 à 8 dents),Fraise 1 dent équilibrée,,8,8,7.4,60,26,34,,,1,,,,58.03,RG2,Einschneider – gewuchtet,
0068088S,Fraise droite (1 à 8 dents),Fraise 1 dent équilibrée,,8,8,7.4,60,21,31,,,1,,,,55.06,RG2,Einschneider – gewuchtet,
0068088X,Fraise droite (1 à 8 dents),Fraise 1 dent équilibrée,,8,8,7.4,70,31,42,,,1,,,,63.86,RG2,Einschneider – gewuchtet,
0068090E,Fraise droite (1 à 8 dents),Fraise 1 dent équilibrée,,10,10,9.2,60,17.5,27.5,,,1,,,,63.86,RG2,Einschneider – gewuchtet,
0068090K,Fraise droite (1 à 8 dents),Fraise 1 dent équilibrée,,10,10,9.2,50,10,15.6,,,1,,,,62.43,RG2,Einschneider – gewuchtet,
0068090L,Fraise droite (1 à 8 dents),Fraise 1 dent équilibrée,,10,10,9.2,60,26,34,,,1,,,,66.96,RG2,Einschneider – gewuchtet,
0068090M,Fraise droite (1 à 8 dents),Fraise 1 dent équilibrée,,10,10,9.2,85,26,34,,,1,,,,89.46,RG2,Einschneider – gewuchtet,
0068090S,Fraise droite (1 à 8 dents),Fraise 1 dent équilibrée,,10,10,9.2,80,17.5,52,,,1,,,,74.32,RG2,Einschneider – gewuchtet,
0068090X,Fraise droite (1 à 8 dents),Fraise 1 dent équilibrée,,10,10,9.2,70,32.5,42.5,,,1,,,,69.93,RG2,Einschneider – gewuchtet,
0068092E,Fraise droite (1 à 8 dents),Fraise 1 dent équilibrée,,12,12,11,70,21,33,,,1,,,,122.31,RG2,Einschneider – gewuchtet,
0068092K,Fraise droite (1 à 8 dents),Fraise 1 dent équilibrée,,12,12,11,60,12,19,,,1,,,,106.46,RG2,Einschneider – gewuchtet,
0068092L,Fraise droite (1 à 8 dents),Fraise 1 dent équilibrée,,12,12,11,70,31.5,42,,,1,,,,129.38,RG2,Einschneider – gewuchtet,
00680010,Fraise droite (1 à 8 dents),Fraise 2 dents,,0.1,3,,38,0.2,,,,2,,,,103.01,RG2,Zweischneider,24
00680020,Fraise droite (1 à 8 dents),Fraise 2 dents,,0.2,3,,39,0.4,,,,2,,,,41.69,RG2,Zweischneider,24
00680025,Fraise droite (1 à 8 dents),Fraise 2 dents,,0.25,3,,39,0.4,,,,2,,,,41.69,RG2,Zweischneider,24
0068003,Fraise droite (1 à 8 dents),Fraise 2 dents,,0.3,3,,39,0.9,,,,2,,,,37.16,RG2,Zweischneider,24
0068004,Fraise droite (1 à 8 dents),Fraise 2 dents,,0.4,3,,38,2.5,,,,2,,,,23.75,RG2,Zweischneider,24
0068004K,Fraise droite (1 à 8 dents),Fraise 2 dents,,0.4,3,,38,0.6,,,,2,,,,30.1,RG2,Zweischneider,24
0068604,Fraise droite (1 à 8 dents),Fraise 2 dents,,0.4,3.175,,38,2.5,,,,2,,,,23.75,RG2,Zweischneider,25
0068005,Fraise droite (1 à 8 dents),Fraise 2 dents,,0.5,3,,38,2.5,,,,2,,,,23.75,RG2,Zweischneider,24
0068005K,Fraise droite (1 à 8 dents),Fraise 2 dents,,0.5,3,,38,1,,,,2,,,,27.26,RG1,Zweischneider,24
0068605,Fraise droite (1 à 8 dents),Fraise 2 dents,,0.5,3.175,,38,3,,,,2,,,,23.04,RG2,Zweischneider,25
0068006,Fraise droite (1 à 8 dents),Fraise 2 dents,,0.6,3,,38,3,,,,2,,,,18.52,RG1,Zweischneider,24
0068006K,Fraise droite (1 à 8 dents),Fraise 2 dents,,0.6,3,,38,1,,,,2,,,,27.26,RG2,Zweischneider,24
0068606,Fraise droite (1 à 8 dents),Fraise 2 dents,,0.6,3.175,,38,3,,,,2,,,,15.26,RG1,Zweischneider,25
0068008,Fraise droite (1 à 8 dents),Fraise 2 dents,,0.8,3,,38,4,,,,2,,,,18.52,RG1,Zweischneider,24
0068608,Fraise droite (1 à 8 dents),Fraise 2 dents,,0.8,3.175,,38,5,,,,2,,,,15.26,RG1,Zweischneider,25
0068009,Fraise droite (1 à 8 dents),Fraise 2 dents,,0.9,3,,38,5,,,,2,,,,18.52,RG1,Zweischneider,24
0068609,Fraise droite (1 à 8 dents),Fraise 2 dents,,0.9,3.175,,38,5,,,,2,,,,15.26,RG1,Zweischneider,25
0068010,Fraise droite (1 à 8 dents),Fraise 2 dents,,1,3,,38,5,,,,2,,,,18.52,RG1,Zweischneider,24
0068010K,Fraise droite (1 à 8 dents),Fraise 2 dents,,1,3,,38,3,,,,2,,,,18.52,RG1,Zweischneider,24
0068010L,Fraise droite (1 à 8 dents),Fraise 2 dents,,1,3,,40,8,,,,2,,,,35.89,RG2,Zweischneider,24
0068010S,Fraise droite (1 à 8 dents),Fraise 2 dents,,1,3,,38,2.3,,,,2,,,,18.52,RG1,Zweischneider,24
0068610,Fraise droite (1 à 8 dents),Fraise 2 dents,,1,3.175,,38,4,,,,2,,,,15.26,RG1,Zweischneider,25
0068610K,Fraise droite (1 à 8 dents),Fraise 2 dents,,1,3.175,,38,3,,,,2,,,,15.26,RG1,Zweischneider,25
0068012,Fraise droite (1 à 8 dents),Fraise 2 dents,,1.2,3,,38,5,,,,2,,,,18.52,RG1,Zweischneider,24
0068012K,Fraise droite (1 à 8 dents),Fraise 2 dents,,1.2,3,,38,3,,,,2,,,,18.52,RG1,Zweischneider,24
0068012S,Fraise droite (1 à 8 dents),Fraise 2 dents,,1.2,3,,38,2.3,,,,2,,,,18.52,RG1,Zweischneider,24
0068612,Fraise droite (1 à 8 dents),Fraise 2 dents,,1.2,3.175,,38,5,,,,2,,,,15.26,RG1,Zweischneider,25
0068613,Fraise droite (1 à 8 dents),Fraise 2 dents,,1.3,3.175,,38,5,,,,2,,,,15.26,RG1,Zweischneider,25
0068015,Fraise droite (1 à 8 dents),Fraise 2 dents,,1.5,3,,38,5,,,,2,,,,18.52,RG1,Zweischneider,24
0068015S,Fraise droite (1 à 8 dents),Fraise 2 dents,,1.5,3,,38,10,,,,2,,,,18.52,RG2,Zweischneider,24
0068615,Fraise droite (1 à 8 dents),Fraise 2 dents,,1.5,3.175,,38,6,,,,2,,,,15.26,RG1,Zweischneider,25
0068016,Fraise droite (1 à 8 dents),Fraise 2 dents,,1.6,3,,38,6,,,,2,,,,18.52,RG1,Zweischneider,24
0068616,Fraise droite (1 à 8 dents),Fraise 2 dents,,1.6,3.175,,38,6,,,,2,,,,15.26,RG1,Zweischneider,25
0068617,Fraise droite (1 à 8 dents),Fraise 2 dents,,1.7,3.175,,38,6,,,,2,,,,15.26,RG1,Zweischneider,25
0068618,Fraise droite (1 à 8 dents),Fraise 2 dents,,1.8,3.175,,38,6,,,,2,,,,15.26,RG1,Zweischneider,25
0068020,Fraise droite (1 à 8 dents),Fraise 2 dents,,2,3,,38,9,,,,2,,,,18.52,RG1,Zweischneider,24
0068020K,Fraise droite (1 à 8 dents),Fraise 2 dents,,2,3,,38,4,,,,2,,,,18.52,RG1,Zweischneider,24
0068620,Fraise droite (1 à 8 dents),Fraise 2 dents,,2,3.175,,38,8,,,,2,,,,15.26,RG1,Zweischneider,25
0068620K,Fraise droite (1 à 8 dents),Fraise 2 dents,,2,3.175,,38,4,,,,2,,,,15.26,RG1,Zweischneider,25
0068024,Fraise droite (1 à 8 dents),Fraise 2 dents,,2.4,3,,40,8,,,,2,,,,18.52,RG1,Zweischneider,24
0068024K,Fraise droite (1 à 8 dents),Fraise 2 dents,,2.4,3,,38,5,,,,2,,,,18.52,RG1,Zweischneider,24
0068624,Fraise droite (1 à 8 dents),Fraise 2 dents,,2.4,3.175,,38,8,,,,2,,,,15.26,RG1,Zweischneider,25
0068624K,Fraise droite (1 à 8 dents),Fraise 2 dents,,2.4,3.175,,38,5,,,,2,,,,15.26,RG1,Zweischneider,25
0068625,Fraise droite (1 à 8 dents),Fraise 2 dents,,2.5,3.175,,38,8,,,,2,,,,15.26,RG1,Zweischneider,25
0068030A,Fraise droite (1 à 8 dents),Fraise 2 dents,,3,3,,40,10,,,,2,,,,22.89,RG1,Zweischneider,24
0068030K,Fraise droite (1 à 8 dents),Fraise 2 dents,,3,3,,40,6,,,,2,,,,18.52,RG1,Zweischneider,24
0068030L,Fraise droite (1 à 8 dents),Fraise 2 dents,,3,3,,40,12,,,,2,,,,22.89,RG2,Zweischneider,24
0068030X,Fraise droite (1 à 8 dents),Fraise 2 dents,,3,3,,60,25,,,,2,,,,29.67,RG2,Zweischneider,24
0068430,Fraise droite (1 à 8 dents),Fraise 2 dents,,3,6,,50,7,,,,2,,,,33.35,RG2,Zweischneider,25
0068430G,Fraise droite (1 à 8 dents),Fraise 2 dents,,3,6,,50,11,,,,2,,,,33.35,RG2,Zweischneider,25
0068430K,Fraise droite (1 à 8 dents),Fraise 2 dents,,3,6,,40,6,,,,2,,,,33.35,RG2,Zweischneider,25
0068630,Fraise droite (1 à 8 dents),Fraise 2 dents,,3,3.175,,38,10,,,,2,,,,15.26,RG1,Zweischneider,25
0068630K,Fraise droite (1 à 8 dents),Fraise 2 dents,,3,3.175,,38,6,,,,2,,,,15.26,RG1,Zweischneider,25
0068434,Fraise droite (1 à 8 dents),Fraise 2 dents,,4,6,,50,8,,,,2,,,,33.35,RG2,Zweischneider,25
0068434K,Fraise droite (1 à 8 dents),Fraise 2 dents,,4,6,,40,6,,,,2,,,,33.35,RG2,Zweischneider,25
0068435,Fraise droite (1 à 8 dents),Fraise 2 dents,,5,6,,50,10,,,,2,,,,33.35,RG2,Zweischneider,25
0068435A,Fraise droite (1 à 8 dents),Fraise 2 dents,,5,6,,50,8,,,,2,,,,33.35,RG2,Zweischneider,25
0068435K,Fraise droite (1 à 8 dents),Fraise 2 dents,,5,6,,40,6,,,,2,,,,33.35,RG2,Zweischneider,25
0068460,Fraise droite (1 à 8 dents),Fraise 2 dents,,6,6,,50,18,,,,2,,,,33.35,RG2,Zweischneider,25
0068460G,Fraise droite (1 à 8 dents),Fraise 2 dents,,6,6,,58,20,,,,2,,,,33.35,RG2,Zweischneider,25
0068460K,Fraise droite (1 à 8 dents),Fraise 2 dents,,6,6,,50,10,,,,2,,,,33.35,RG2,Zweischneider,25
0068460W,Fraise droite (1 à 8 dents),Fraise 2 dents,,6,6,,75,40,,,,2,,,,65.3,RG2,Zweischneider,25
0068460X,Fraise droite (1 à 8 dents),Fraise 2 dents,,6,6,,75,30,,,,2,,,,53.41,RG2,Zweischneider,25
0068460Y,Fraise droite (1 à 8 dents),Fraise 2 dents,,6,6,,40,6,,,,2,,,,33.35,RG2,Zweischneider,25
0068460Z,Fraise droite (1 à 8 dents),Fraise 2 dents,,6,6,,100,40,,,,2,,,,67.27,RG2,Zweischneider,25
0068081,Fraise droite (1 à 8 dents),Fraise 2 dents,,8,8,,63,16,,,,2,,,,38.33,RG2,Zweischneider,25
0068081L,Fraise droite (1 à 8 dents),Fraise 2 dents,,8,8,,60,32,,,,2,,,,63.92,RG2,Zweischneider,25
0068082,Fraise droite (1 à 8 dents),Fraise 2 dents,,8,8,,100,40,,,,2,,,,68.63,RG2,Zweischneider,25
0068083,Fraise droite (1 à 8 dents),Fraise 2 dents,,10,10,,100,40,,,,2,,,,82.47,RG2,Zweischneider,25
0068100,Fraise droite (1 à 8 dents),Fraise 2 dents,,10,10,,40,10,,,,2,,,,58.59,RG2,Zweischneider,25
0068100A,Fraise droite (1 à 8 dents),Fraise 2 dents,,10,10,,72,25,,,,2,,,,63.92,RG2,Zweischneider,25
0068100L,Fraise droite (1 à 8 dents),Fraise 2 dents,,10,10,,72,32,,,,2,,,,71.02,RG2,Zweischneider,25
0078812B,Fraise droite (1 à 8 dents),Fraise 2 dents,,12,12,,60,30,,,,2,,,,94.51,RG2,Zweischneider,25
0078812L,Fraise droite (1 à 8 dents),Fraise 2 dents,,12,12,,60,20,,,,2,,,,94.51,RG2,Zweischneider,25
0068876,Fraise droite (1 à 8 dents),Fraise 2 dents UGV Fire,,6,6,,60,22,,,,2,,,,38.0,RG2,Zweischneider – HSC-Fire,29
0068876K,Fraise droite (1 à 8 dents),Fraise 2 dents UGV Fire,,6,6,,50,17,,,,2,,,,34.89,RG2,Zweischneider – HSC-Fire,29
0068876L,Fraise droite (1 à 8 dents),Fraise 2 dents UGV Fire,,6,6,,70,32,,,,2,,,,48.75,RG2,Zweischneider – HSC-Fire,29
0068876S,Fraise droite (1 à 8 dents),Fraise 2 dents UGV Fire,,6,6,,50,12,,,,2,,,,33.35,RG2,Zweischneider – HSC-Fire,29
0068878,Fraise droite (1 à 8 dents),Fraise 2 dents UGV Fire,,8,8,,60,22,,,,2,,,,49.15,RG2,Zweischneider – HSC-Fire,29
0068878K,Fraise droite (1 à 8 dents),Fraise 2 dents UGV Fire,,8,8,,50,17,,,,2,,,,46.11,RG2,Zweischneider – HSC-Fire,29
0068878L,Fraise droite (1 à 8 dents),Fraise 2 dents UGV Fire,,8,8,,70,32,,,,2,,,,59.21,RG2,Zweischneider – HSC-Fire,29
0068878S,Fraise droite (1 à 8 dents),Fraise 2 dents UGV Fire,,8,8,,50,12,,,,2,,,,43.97,RG2,Zweischneider – HSC-Fire,29
0068870,Fraise droite (1 à 8 dents),Fraise 2 dents UGV Fire,,10,10,,60,22,,,,2,,,,59.21,RG2,Zweischneider – HSC-Fire,29
0068870K,Fraise droite (1 à 8 dents),Fraise 2 dents UGV Fire,,10,10,,50,17,,,,2,,,,52.05,RG2,Zweischneider – HSC-Fire,29
0068870L,Fraise droite (1 à 8 dents),Fraise 2 dents UGV Fire,,10,10,,70,32,,,,2,,,,65.14,RG2,Zweischneider – HSC-Fire,29
0068870S,Fraise droite (1 à 8 dents),Fraise 2 dents UGV Fire,,10,10,,50,12,,,,2,,,,49.61,RG2,Zweischneider – HSC-Fire,29
0068815,Fraise droite (1 à 8 dents),Fraise 2 dents UGV+,,1.5,3.175,,40,6,,,,2,,,,25.58,RG2,Zweischneider – HSC+,28
0068815A,Fraise droite (1 à 8 dents),Fraise 2 dents UGV+,,1.5,3,,40,6,,,,2,,,,25.58,RG2,Zweischneider – HSC+,28
0068866,Fraise droite (1 à 8 dents),Fraise 2 dents UGV+,,1.9,6,,50,6,,,,2,,,,34.89,RG2,Zweischneider – HSC+,28
0068820,Fraise droite (1 à 8 dents),Fraise 2 dents UGV+,,2,3.175,,40,6,,,,2,,,,25.58,RG2,Zweischneider – HSC+,28
0068820A,Fraise droite (1 à 8 dents),Fraise 2 dents UGV+,,2,3,,40,6,,,,2,,,,25.58,RG2,Zweischneider – HSC+,28
0068862,Fraise droite (1 à 8 dents),Fraise 2 dents UGV+,,2,6,,50,6,,,,2,,,,34.89,RG2,Zweischneider – HSC+,28
0068862K,Fraise droite (1 à 8 dents),Fraise 2 dents UGV+,,2,6,,50,4,,,,2,,,,34.89,RG2,Zweischneider – HSC+,28
0068824,Fraise droite (1 à 8 dents),Fraise 2 dents UGV+,,2.4,3.175,,40,6,,,,2,,,,25.58,RG2,Zweischneider – HSC+,28
0068867,Fraise droite (1 à 8 dents),Fraise 2 dents UGV+,,2.4,6,,50,5,,,,2,,,,34.89,RG2,Zweischneider – HSC+,28
0068830,Fraise droite (1 à 8 dents),Fraise 2 dents UGV+,,3,3.175,,40,10,,,,2,,,,25.58,RG2,Zweischneider – HSC+,28
0068830A,Fraise droite (1 à 8 dents),Fraise 2 dents UGV+,,3,3,,40,10,,,,2,,,,25.58,RG2,Zweischneider – HSC+,28
0068830K,Fraise droite (1 à 8 dents),Fraise 2 dents UGV+,,3,3.175,,40,6,,,,2,,,,25.58,RG2,Zweischneider – HSC+,28
0068863,Fraise droite (1 à 8 dents),Fraise 2 dents UGV+,,3,6,,50,10,,,,2,,,,34.89,RG2,Zweischneider – HSC+,28
0068863K,Fraise droite (1 à 8 dents),Fraise 2 dents UGV+,,3,6,,50,6,,,,2,,,,34.89,RG2,Zweischneider – HSC+,28
0068864,Fraise droite (1 à 8 dents),Fraise 2 dents UGV+,,4,6,,50,8,,,,2,,,,34.89,RG2,Zweischneider – HSC+,28
0068865,Fraise droite (1 à 8 dents),Fraise 2 dents UGV+,,5,6,,50,10,,,,2,,,,34.89,RG2,Zweischneider – HSC+,28
0068860,Fraise droite (1 à 8 dents),Fraise 2 dents UGV+,,6,6,,58,12,,,,2,,,,34.89,RG2,Zweischneider – HSC+,28
0068860K,Fraise droite (1 à 8 dents),Fraise 2 dents UGV+,,6,6,,50,7,,,,2,,,,34.89,RG2,Zweischneider – HSC+,28
00781005,Fraise droite (1 à 8 dents),Fraise 2 dents détalonnée,,0.5,3,0.45,40,0.75,4,,,2,,,,,,,26
00781006,Fraise droite (1 à 8 dents),Fraise 2 dents détalonnée,,0.6,3,0.55,40,0.9,4,,,2,,,,,,,26
00781007,Fraise droite (1 à 8 dents),Fraise 2 dents détalonnée,,0.7,3,0.65,38,1.05,4,,,2,,,,,,,26
00781008,Fraise droite (1 à 8 dents),Fraise 2 dents détalonnée,,0.8,3,0.75,38,1.2,6,,,2,,,,,,,26
00781009,Fraise droite (1 à 8 dents),Fraise 2 dents détalonnée,,0.9,3,0.85,38,1.3,6,,,2,,,,,,,26
00781010,Fraise droite (1 à 8 dents),Fraise 2 dents détalonnée,,1,3,0.95,38,1.5,6,,,2,,,,,,,26
00781011,Fraise droite (1 à 8 dents),Fraise 2 dents détalonnée,,1,3,0.95,38,1.5,9,,,2,,,,,,,26
00781012,Fraise droite (1 à 8 dents),Fraise 2 dents détalonnée,,1.2,3,1.15,38,1.8,9,,,2,,,,,,,26
00781015,Fraise droite (1 à 8 dents),Fraise 2 dents détalonnée,,1.5,3,1.45,38,2.2,9,,,2,,,,,,,26
00781020,Fraise droite (1 à 8 dents),Fraise 2 dents détalonnée,,2,3,1.95,38,3,12,,,2,,,,,,,26
00781025,Fraise droite (1 à 8 dents),Fraise 2 dents détalonnée,,2.5,3,2.4,40,3.5,15,,,2,,,,54.98,RG2,Zweischneider – mit Freischliff,26
00781034,Fraise droite (1 à 8 dents),Fraise 2 dents détalonnée,,4,6,3.8,50,8,16,,,2,,,,44.53,RG2,Zweischneider – mit Freischliff,26
00781036,Fraise droite (1 à 8 dents),Fraise 2 dents détalonnée,,6,6,5.7,60,20,33,,,2,,,,44.53,RG2,Zweischneider – mit Freischliff,26
0078806,Fraise droite (1 à 8 dents),Fraise 2 dents détalonnée,,6,6,5.7,60,10,22,,,2,,,,38.57,RG2,Zweischneider – abgesetzt,26
0078808,Fraise droite (1 à 8 dents),Fraise 2 dents détalonnée,,8,8,7.7,60,10,24,,,2,,,,41.54,RG2,Zweischneider – abgesetzt,26
0078810,Fraise droite (1 à 8 dents),Fraise 2 dents détalonnée,,10,10,9.7,50,10,20,,,2,,,,62.54,RG2,Zweischneider,26
0078810L,Fraise droite (1 à 8 dents),Fraise 2 dents détalonnée,,10,10,9.8,70,17,35,,,2,,,,68.03,RG2,Zweischneider,26
0078812,Fraise droite (1 à 8 dents),Fraise 2 dents détalonnée,,12,12,11.7,50,10,20,,,2,,,,78.52,RG2,Zweischneider,26
0068033,Fraise droite (1 à 8 dents),Fraise 2 dents pour contournage,,3,6,,57,8,,,,2,,,,34.05,RG2,Zweischneider – Konturfräser,27
0068034,Fraise droite (1 à 8 dents),Fraise 2 dents pour contournage,,4,6,,57,11,,,,2,,,,34.05,RG2,Zweischneider – Konturfräser,27
0068035,Fraise droite (1 à 8 dents),Fraise 2 dents pour contournage,,5,6,,57,13,,,,2,,,,34.05,RG2,Zweischneider – Konturfräser,27
0068036,Fraise droite (1 à 8 dents),Fraise 2 dents pour contournage,,6,6,,57,13,,,,2,,,,34.05,RG2,Zweischneider – Konturfräser,27
0068040,Fraise droite (1 à 8 dents),Fraise 2 dents pour contournage,,8,8,,60,20,,,,2,,,,55.39,RG2,Zweischneider – Konturfräser,27
0068041,Fraise droite (1 à 8 dents),Fraise 2 dents pour contournage,,8,8,,60,25,,,,2,,,,56.93,RG2,Zweischneider – Konturfräser,27
0068042,Fraise droite (1 à 8 dents),Fraise 2 dents pour contournage,,10,10,,70,25,,,,2,,,,63.31,RG2,Zweischneider – Konturfräser,27
0068043,Fraise droite (1 à 8 dents),Fraise 2 dents pour contournage,,12,12,,70,25,,,,2,,,,69.7,RG2,Zweischneider – Konturfräser,27
0078009K,Fraise droite (1 à 8 dents),Fraise 2 dents pour l'acier (X.CEED),,0.9,3,,38,1.8,,,,2,,,,,,,31
0078009S,Fraise droite (1 à 8 dents),Fraise 2 dents pour l'acier (X.CEED),,0.9,3,,38,1.1,,,,2,,,,33.35,RG2,Zweischneider – für die Stahlbearbeitung,31
0078010K,Fraise droite (1 à 8 dents),Fraise 2 dents pour l'acier (X.CEED),,1,3,,38,2,,,,2,,,,,,,31
0078010S,Fraise droite (1 à 8 dents),Fraise 2 dents pour l'acier (X.CEED),,1,3,,38,1.2,,,,2,,,,33.35,RG2,Zweischneider – für die Stahlbearbeitung,31
0078011K,Fraise droite (1 à 8 dents),Fraise 2 dents pour l'acier (X.CEED),,1.1,3,,38,2.2,,,,2,,,,,,,31
0078011S,Fraise droite (1 à 8 dents),Fraise 2 dents pour l'acier (X.CEED),,1.1,3,,38,1.2,,,,2,,,,33.35,RG2,Zweischneider – für die Stahlbearbeitung,31
0078012K,Fraise droite (1 à 8 dents),Fraise 2 dents pour l'acier (X.CEED),,1.2,3,,38,2.4,,,,2,,,,,,,31
0078012S,Fraise droite (1 à 8 dents),Fraise 2 dents pour l'acier (X.CEED),,1.2,3,,38,1.2,,,,2,,,,33.35,RG2,Zweischneider – für die Stahlbearbeitung,31
0078013K,Fraise droite (1 à 8 dents),Fraise 2 dents pour l'acier (X.CEED),,1.3,3,,38,2.6,,,,2,,,,,,,31
0078013S,Fraise droite (1 à 8 dents),Fraise 2 dents pour l'acier (X.CEED),,1.3,3,,38,1.2,,,,2,,,,33.35,RG2,Zweischneider – für die Stahlbearbeitung,31
0078014K,Fraise droite (1 à 8 dents),Fraise 2 dents pour l'acier (X.CEED),,1.4,3,,38,2.8,,,,2,,,,,,,31
0078014S,Fraise droite (1 à 8 dents),Fraise 2 dents pour l'acier (X.CEED),,1.4,3,,38,1.4,,,,2,,,,33.35,RG2,Zweischneider – für die Stahlbearbeitung,31
0078015K,Fraise droite (1 à 8 dents),Fraise 2 dents pour l'acier (X.CEED),,1.5,3,,38,3,,,,2,,,,,,,31
0078015S,Fraise droite (1 à 8 dents),Fraise 2 dents pour l'acier (X.CEED),,1.5,3,,38,1.4,,,,2,,,,33.35,RG2,Zweischneider – für die Stahlbearbeitung,31
0078016K,Fraise droite (1 à 8 dents),Fraise 2 dents pour l'acier (X.CEED),,1.6,3,,38,3.2,,,,2,,,,,,,31
0078016S,Fraise droite (1 à 8 dents),Fraise 2 dents pour l'acier (X.CEED),,1.6,3,,38,1.4,,,,2,,,,33.35,RG2,Zweischneider – für die Stahlbearbeitung,31
0078017K,Fraise droite (1 à 8 dents),Fraise 2 dents pour l'acier (X.CEED),,1.7,3,,38,3.4,,,,2,,,,,,,31
0078017S,Fraise droite (1 à 8 dents),Fraise 2 dents pour l'acier (X.CEED),,1.7,3,,38,1.4,,,,2,,,,33.35,RG2,Zweischneider – für die Stahlbearbeitung,31
0078018K,Fraise droite (1 à 8 dents),Fraise 2 dents pour l'acier (X.CEED),,1.8,3,,38,3.6,,,,2,,,,,,,31
0078018S,Fraise droite (1 à 8 dents),Fraise 2 dents pour l'acier (X.CEED),,1.8,3,,38,1.5,,,,2,,,,33.35,RG2,Zweischneider – für die Stahlbearbeitung,31
0078019K,Fraise droite (1 à 8 dents),Fraise 2 dents pour l'acier (X.CEED),,1.9,3,,38,4,,,,2,,,,,,,31
0078019S,Fraise droite (1 à 8 dents),Fraise 2 dents pour l'acier (X.CEED),,1.9,3,,38,1.5,,,,2,,,,33.35,RG2,Zweischneider – für die Stahlbearbeitung,31
0078020K,Fraise droite (1 à 8 dents),Fraise 2 dents pour l'acier (X.CEED),,2,3,,38,6,,,,2,,,,,,,31
0078020S,Fraise droite (1 à 8 dents),Fraise 2 dents pour l'acier (X.CEED),,2,3,,38,1.8,,,,2,,,,33.35,RG2,Zweischneider – für die Stahlbearbeitung,31
0078021K,Fraise droite (1 à 8 dents),Fraise 2 dents pour l'acier (X.CEED),,2.1,3,,38,5,,,,2,,,,33.35,RG2,Zweischneider – für die Stahlbearbeitung,31
0078022K,Fraise droite (1 à 8 dents),Fraise 2 dents pour l'acier (X.CEED),,2.2,3,,38,5,,,,2,,,,33.35,RG2,Zweischneider – für die Stahlbearbeitung,31
0078023K,Fraise droite (1 à 8 dents),Fraise 2 dents pour l'acier (X.CEED),,2.3,3,,38,5,,,,2,,,,33.35,RG2,Zweischneider – für die Stahlbearbeitung,31
0078024K,Fraise droite (1 à 8 dents),Fraise 2 dents pour l'acier (X.CEED),,2.4,3,,38,5,,,,2,,,,33.35,RG2,Zweischneider – für die Stahlbearbeitung,31
0078025K,Fraise droite (1 à 8 dents),Fraise 2 dents pour l'acier (X.CEED),,2.5,3,,38,7,,,,2,,,,,,,31
0078025S,Fraise droite (1 à 8 dents),Fraise 2 dents pour l'acier (X.CEED),,2.5,3,,38,2,,,,2,,,,33.35,RG2,Zweischneider – für die Stahlbearbeitung,31
0078030K,Fraise droite (1 à 8 dents),Fraise 2 dents pour l'acier (X.CEED),,3,3,,38,7,,,,2,,,,33.35,RG2,Zweischneider – für die Stahlbearbeitung,31
0068906,Fraise droite (1 à 8 dents),Fraise 2 dents à lubrification centre-outil,,6,6,,60,22,,,,2,,,,84.64,RG2,Zweischneider – Innenkühlung,30
0068906K,Fraise droite (1 à 8 dents),Fraise 2 dents à lubrification centre-outil,,6,6,,60,14,,,,2,,,,82.66,RG2,Zweischneider – Innenkühlung,30
0068906L,Fraise droite (1 à 8 dents),Fraise 2 dents à lubrification centre-outil,,6,6,5.6,60,22,32,,,2,,,,96.8,RG2,Zweischneider mit FreischlifInnenkühlung,30
0068908,Fraise droite (1 à 8 dents),Fraise 2 dents à lubrification centre-outil,,8,8,,60,22,,,,2,,,,109.41,RG2,Zweischneider – Innenkühlung,30
0068908K,Fraise droite (1 à 8 dents),Fraise 2 dents à lubrification centre-outil,,8,8,,60,16,,,,2,,,,106.37,RG2,Zweischneider – Innenkühlung,30
0068908L,Fraise droite (1 à 8 dents),Fraise 2 dents à lubrification centre-outil,,8,8,7.4,60,22,32,,,2,,,,136.18,RG2,Zweischneider mit FreischlifInnenkühlung,30
0068910,Fraise droite (1 à 8 dents),Fraise 2 dents à lubrification centre-outil,,10,10,,70,32,,,,2,,,,130.72,RG2,Zweischneider – Innenkühlung,30
0068910K,Fraise droite (1 à 8 dents),Fraise 2 dents à lubrification centre-outil,,10,10,,70,26,,,,2,,,,129.19,RG2,Zweischneider – Innenkühlung,30
0068910L,Fraise droite (1 à 8 dents),Fraise 2 dents à lubrification centre-outil,,10,10,9.2,70,32,38,,,2,,,,146.84,RG2,Zweischneider mit FreischlifInnenkühlung,30
0068912,Fraise droite (1 à 8 dents),Fraise 2 dents à lubrification centre-outil,,12,12,,80,32,,,,2,,,,167.23,RG2,Zweischneider – Innenkühlung,30
0068912K,Fraise droite (1 à 8 dents),Fraise 2 dents à lubrification centre-outil,,12,12,,80,26,,,,2,,,,165.72,RG2,Zweischneider – Innenkühlung,30
0068912L,Fraise droite (1 à 8 dents),Fraise 2 dents à lubrification centre-outil,,12,12,11.2,80,32,48,,,2,,,,181.84,RG2,Zweischneider mit FreischlifInnenkühlung,30
0068033A,Fraise droite (1 à 8 dents),Fraise 3 dents détalonnée,,3,6,2.8,58,8,12,,,3,,,,37.16,RG2,Dreischneider – mit Freischliff,34
0068034A,Fraise droite (1 à 8 dents),Fraise 3 dents détalonnée,,4,6,3.8,58,11,16,,,3,,,,37.16,RG2,Dreischneider – mit Freischliff,34
0068035A,Fraise droite (1 à 8 dents),Fraise 3 dents détalonnée,,5,6,4.8,58,13,19,,,3,,,,37.16,RG2,Dreischneider – mit Freischliff,34
0068036A,Fraise droite (1 à 8 dents),Fraise 3 dents détalonnée,,6,6,5.7,58,13,19,,,3,,,,37.16,RG2,Dreischneider – mit Freischliff,34
0068040A,Fraise droite (1 à 8 dents),Fraise 3 dents détalonnée,,8,8,7.8,63,19,27,,,3,,,,58.43,RG2,Dreischneider – mit Freischliff,34
0068042A,Fraise droite (1 à 8 dents),Fraise 3 dents détalonnée,,10,10,9.8,72,22,32,,,3,,,,66.51,RG2,Dreischneider – mit Freischliff,34
0068043A,Fraise droite (1 à 8 dents),Fraise 3 dents détalonnée,,12,12,11.8,83,26,38,,,3,,,,72.89,RG2,Dreischneider – mit Freischliff,34
00680530,Fraise droite (1 à 8 dents),Fraise 3 dents détalonnée pour mousse,,3,6,2.7,75,12,41,,,3,,,,73.06,RG2,"Dreischneider – mit Freischliff, für Schaumstoff",35
0068053K,Fraise droite (1 à 8 dents),Fraise 3 dents détalonnée pour mousse,,3,6,2.7,50,6,22,,,3,,,,49.31,RG2,"Dreischneider – mit Freischliff, für Schaumstoff",35
00680540,Fraise droite (1 à 8 dents),Fraise 3 dents détalonnée pour mousse,,4,6,3.6,75,15,41,,,3,,,,73.06,RG2,"Dreischneider – mit Freischliff, für Schaumstoff",35
0068054K,Fraise droite (1 à 8 dents),Fraise 3 dents détalonnée pour mousse,,4,6,3.6,50,8,22,,,3,,,,49.31,RG2,"Dreischneider – mit Freischliff, für Schaumstoff",35
00680550,Fraise droite (1 à 8 dents),Fraise 3 dents détalonnée pour mousse,,5,6,4.5,75,20,41,,,3,,,,73.06,RG2,"Dreischneider – mit Freischliff, für Schaumstoff",35
0068055K,Fraise droite (1 à 8 dents),Fraise 3 dents détalonnée pour mousse,,5,6,4.5,50,12,22,,,3,,,,49.31,RG2,"Dreischneider – mit Freischliff, für Schaumstoff",35
00680560,Fraise droite (1 à 8 dents),Fraise 3 dents détalonnée pour mousse,,6,6,5.5,75,27,42,,,3,,,,73.06,RG2,"Dreischneider – mit Freischliff, für Schaumstoff",35
0068056A,Fraise droite (1 à 8 dents),Fraise 3 dents détalonnée pour mousse,,6,6,5.5,100,27,71,,,3,,,,87.33,RG2,"Dreischneider – mit Freischliff, für Schaumstoff",35
0068056K,Fraise droite (1 à 8 dents),Fraise 3 dents détalonnée pour mousse,,6,6,5.5,50,12,22,,,3,,,,49.31,RG2,"Dreischneider – mit Freischliff, für Schaumstoff",35
00680580,Fraise droite (1 à 8 dents),Fraise 3 dents détalonnée pour mousse,,8,8,7.5,75,28,42,,,3,,,,101.8,RG2,"Dreischneider – mit Freischliff, für Schaumstoff",35
0068058A,Fraise droite (1 à 8 dents),Fraise 3 dents détalonnée pour mousse,,8,8,7.5,100,42,71,,,3,,,,108.95,RG2,"Dreischneider – mit Freischliff, für Schaumstoff",35
0068058K,Fraise droite (1 à 8 dents),Fraise 3 dents détalonnée pour mousse,,8,8,7.5,50,16,25,,,3,,,,83.54,RG2,"Dreischneider – mit Freischliff, für Schaumstoff",35
00680510,Fraise droite (1 à 8 dents),Fraise 3 dents détalonnée pour mousse,,10,10,9.5,115,52,82,,,3,,,,162.06,RG2,"Dreischneider – mit Freischliff, für Schaumstoff",35
0068051K,Fraise droite (1 à 8 dents),Fraise 3 dents détalonnée pour mousse,,10,10,9.5,60,20,30,,,3,,,,121.59,RG2,"Dreischneider – mit Freischliff, für Schaumstoff",35
00685610,Fraise droite (1 à 8 dents),Fraise 3 dents finition du cuivre,,1,6,,50,2.2,,,,3,,,,38.0,RG2,Dreischneider – Kupfer-Schlichtfräser,33
00685615,Fraise droite (1 à 8 dents),Fraise 3 dents finition du cuivre,,1.5,6,,50,3.2,,,,3,,,,38.0,RG2,Dreischneider – Kupfer-Schlichtfräser,33
00685620,Fraise droite (1 à 8 dents),Fraise 3 dents finition du cuivre,,2,6,,50,4.2,,,,3,,,,38.0,RG2,Dreischneider – Kupfer-Schlichtfräser,33
00685630,Fraise droite (1 à 8 dents),Fraise 3 dents finition du cuivre,,3,6,,50,6,,,,3,,,,38.0,RG2,Dreischneider – Kupfer-Schlichtfräser,33
00685640,Fraise droite (1 à 8 dents),Fraise 3 dents finition du cuivre,,4,6,,50,8,,,,3,,,,38.0,RG2,Dreischneider – Kupfer-Schlichtfräser,33
00685660,Fraise droite (1 à 8 dents),Fraise 3 dents finition du cuivre,,6,6,,50,11,,,,3,,,,38.0,RG2,Dreischneider – Kupfer-Schlichtfräser,33
00685680,Fraise droite (1 à 8 dents),Fraise 3 dents finition du cuivre,,8,8,,50,16,,,,3,,,,56.0,RG2,Dreischneider – Kupfer-Schlichtfräser,33
0068551,Fraise droite (1 à 8 dents),Fraise 3 dents revêtue X.CEED,,1.75,3,,40,3,,,,3,,,,21.75,RG2,Dreischneider,36
0068552,Fraise droite (1 à 8 dents),Fraise 3 dents revêtue X.CEED,,2,6,,50,6,,,,3,,,,33.35,RG2,Dreischneider,36
0068553,Fraise droite (1 à 8 dents),Fraise 3 dents revêtue X.CEED,,3,6,,50,6,,,,3,,,,33.35,RG2,Dreischneider,36
0068554,Fraise droite (1 à 8 dents),Fraise 3 dents revêtue X.CEED,,4,6,,50,8,,,,3,,,,33.35,RG2,Dreischneider,36
0068555,Fraise droite (1 à 8 dents),Fraise 3 dents revêtue X.CEED,,5,6,,50,10,,,,3,,,,33.35,RG2,Dreischneider,36
0068556,Fraise droite (1 à 8 dents),Fraise 3 dents revêtue X.CEED,,6,6,,50,10,,,,3,,,,33.35,RG2,Dreischneider,36
00685903,Fraise droite (1 à 8 dents),Fraise 3 dents ébauche du cuivre,,3,6,,50,6,,,,3,,,,46.91,RG2,Dreischneider – Kupfer-Schruppfräser,32
00685906,Fraise droite (1 à 8 dents),Fraise 3 dents ébauche du cuivre,,6,6,,50,12,,,,3,,,,46.91,RG2,Dreischneider – Kupfer-Schruppfräser,32
00685908,Fraise droite (1 à 8 dents),Fraise 3 dents ébauche du cuivre,,8,8,,50,16,,,,3,,,,65.74,RG2,Dreischneider – Kupfer-Schruppfräser,32
00685910,Fraise droite (1 à 8 dents),Fraise 3 dents ébauche du cuivre,,10,10,,60,22,,,,3,,,,80.52,RG2,Dreischneider – Kupfer-Schruppfräser,32
0078402,Fraise droite (1 à 8 dents),Fraise 4 dents revêtue ALCRONA,,2,6,,50,7,,,,4,,,,,,,37
00784025,Fraise droite (1 à 8 dents),Fraise 4 dents revêtue ALCRONA,,2.5,6,,50,8,,,,4,,,,,,,37
0078403,Fraise droite (1 à 8 dents),Fraise 4 dents revêtue ALCRONA,,3,6,,57,8,,,,4,,,,,,,37
0078403A,Fraise droite (1 à 8 dents),Fraise 4 dents revêtue ALCRONA,,3,6,,57,19,,,,4,,,,,,,37
00784035,Fraise droite (1 à 8 dents),Fraise 4 dents revêtue ALCRONA,,3.5,6,,57,10,,,,4,,,,,,,37
0078404,Fraise droite (1 à 8 dents),Fraise 4 dents revêtue ALCRONA,,4,6,,57,11,,,,4,,,,,,,37
0078404A,Fraise droite (1 à 8 dents),Fraise 4 dents revêtue ALCRONA,,4,6,,57,19,,,,4,,,,43.1,RG2,Vierschneider,37
0078404B,Fraise droite (1 à 8 dents),Fraise 4 dents revêtue ALCRONA,,4,6,,75,25,,,,4,,,,47.62,RG2,Vierschneider,37
00784045,Fraise droite (1 à 8 dents),Fraise 4 dents revêtue ALCRONA,,4.5,6,,57,11,,,,4,,,,34.05,RG2,Vierschneider,37
0078405,Fraise droite (1 à 8 dents),Fraise 4 dents revêtue ALCRONA,,5,6,,57,13,,,,4,,,,34.05,RG2,Vierschneider,37
0078405A,Fraise droite (1 à 8 dents),Fraise 4 dents revêtue ALCRONA,,5,6,,75,30,,,,4,,,,47.62,RG2,Vierschneider,37
00784055,Fraise droite (1 à 8 dents),Fraise 4 dents revêtue ALCRONA,,5.5,6,,57,13,,,,4,,,,34.05,RG2,Vierschneider,37
0078406,Fraise droite (1 à 8 dents),Fraise 4 dents revêtue ALCRONA,,6,6,,57,13,,,,4,,,,34.05,RG2,Vierschneider,37
0078406A,Fraise droite (1 à 8 dents),Fraise 4 dents revêtue ALCRONA,,6,6,,75,30,,,,4,,,,47.62,RG2,Vierschneider,37
0078406B,Fraise droite (1 à 8 dents),Fraise 4 dents revêtue ALCRONA,,6,6,,100,40,,,,4,,,,50.73,RG2,Vierschneider,37
00784065,Fraise droite (1 à 8 dents),Fraise 4 dents revêtue ALCRONA,,6.5,8,,63,16,,,,4,,,,49.61,RG2,Vierschneider,37
0078407,Fraise droite (1 à 8 dents),Fraise 4 dents revêtue ALCRONA,,7,8,,63,16,,,,4,,,,49.61,RG2,Vierschneider,37
0078408,Fraise droite (1 à 8 dents),Fraise 4 dents revêtue ALCRONA,,8,8,,63,19,,,,4,,,,49.61,RG2,Vierschneider,37
0078408A,Fraise droite (1 à 8 dents),Fraise 4 dents revêtue ALCRONA,,8,8,,75,30,,,,4,,,,57.69,RG2,Vierschneider,37
0078409,Fraise droite (1 à 8 dents),Fraise 4 dents revêtue ALCRONA,,9,10,,72,19,,,,4,,,,65.58,RG2,Vierschneider,37
0078410,Fraise droite (1 à 8 dents),Fraise 4 dents revêtue ALCRONA,,10,10,,72,22,,,,4,,,,65.58,RG2,Vierschneider,37
0078410A,Fraise droite (1 à 8 dents),Fraise 4 dents revêtue ALCRONA,,10,10,,75,30,,,,4,,,,76.85,RG2,Vierschneider,37
0078410B,Fraise droite (1 à 8 dents),Fraise 4 dents revêtue ALCRONA,,10,10,,100,40,,,,4,,,,92.82,RG2,Vierschneider,37
0078412,Fraise droite (1 à 8 dents),Fraise 4 dents revêtue ALCRONA,,12,12,,83,26,,,,4,,,,86.44,RG2,Vierschneider,37
0078412A,Fraise droite (1 à 8 dents),Fraise 4 dents revêtue ALCRONA,,12,12,,100,45,,,,4,,,,115.21,RG2,Vierschneider,37
00781203,Fraise droite (1 à 8 dents),Fraise diamant CFK / FR4,,3,6,2.8,50,5,10,,,1,,,,379.3,RG61,Diamant-Fräser – für CFK/GFK,40
00781204,Fraise droite (1 à 8 dents),Fraise diamant CFK / FR4,,4,6,3.8,50,6,6,,,2,,,,458.14,RG61,Diamant-Fräser – für CFK/GFK,40
00781206,Fraise droite (1 à 8 dents),Fraise diamant CFK / FR4,,6,6,5.6,50,10,14,,,2,,,,472.04,RG61,Diamant-Fräser – für CFK/GFK,40
00781208,Fraise droite (1 à 8 dents),Fraise diamant CFK / FR4,,8,8,7.2,50,12,16,,,2,,,,669.68,RG61,Diamant-Fräser – für CFK/GFK,40
00781210,Fraise droite (1 à 8 dents),Fraise diamant CFK / FR4,,10,10,9.2,60,8,17,,,2,,,,697.94,RG61,Diamant-Fräser – für CFK/GFK,40
0068106,Fraise droite (1 à 8 dents),Fraise microdentée FR4 / CFK,,0.6,3,,38,3,,,,8,,,,16.38,RG1,Microverzahnte Fräser,38
00686506,Fraise droite (1 à 8 dents),Fraise microdentée FR4 / CFK,,0.6,3.175,,38,3,,,,8,,,,13.57,RG1,Microverzahnte Fräser,38
0068107,Fraise droite (1 à 8 dents),Fraise microdentée FR4 / CFK,,0.7,3,,38,3.5,,,,8,,,,16.38,RG1,Microverzahnte Fräser,38
0068108,Fraise droite (1 à 8 dents),Fraise microdentée FR4 / CFK,,0.8,3,,38,5,,,,8,,,,16.38,RG1,Microverzahnte Fräser,38
00686508,Fraise droite (1 à 8 dents),Fraise microdentée FR4 / CFK,,0.8,3.175,,38,5,,,,8,,,,13.57,RG1,Microverzahnte Fräser,38
0068110,Fraise droite (1 à 8 dents),Fraise microdentée FR4 / CFK,,1,3,,38,5,,,,8,,,,16.38,RG1,Microverzahnte Fräser,38
00686510,Fraise droite (1 à 8 dents),Fraise microdentée FR4 / CFK,,1,3.175,,38,5,,,,8,,,,13.57,RG1,Microverzahnte Fräser,38
0068111,Fraise droite (1 à 8 dents),Fraise microdentée FR4 / CFK,,1.1,3,,38,5,,,,8,,,,16.38,RG2,Microverzahnte Fräser,38
00686511,Fraise droite (1 à 8 dents),Fraise microdentée FR4 / CFK,,1.1,3.175,,38,7,,,,8,,,,13.57,RG1,Microverzahnte Fräser,38
0068112,Fraise droite (1 à 8 dents),Fraise microdentée FR4 / CFK,,1.2,3,,38,5,,,,8,,,,16.38,RG1,Microverzahnte Fräser,38
00686512,Fraise droite (1 à 8 dents),Fraise microdentée FR4 / CFK,,1.2,3.175,,38,7,,,,8,,,,13.57,RG1,Microverzahnte Fräser,38
00686513,Fraise droite (1 à 8 dents),Fraise microdentée FR4 / CFK,,1.3,3.175,,38,7,,,,8,,,,13.57,RG1,Microverzahnte Fräser,38
00686514,Fraise droite (1 à 8 dents),Fraise microdentée FR4 / CFK,,1.4,3.175,,38,7,,,,8,,,,13.57,RG1,Microverzahnte Fräser,38
0068115,Fraise droite (1 à 8 dents),Fraise microdentée FR4 / CFK,,1.5,3,,38,8,,,,8,,,,16.38,RG1,Microverzahnte Fräser,38
00686515,Fraise droite (1 à 8 dents),Fraise microdentée FR4 / CFK,,1.5,3.175,,38,7,,,,8,,,,13.57,RG1,Microverzahnte Fräser,38
00686516,Fraise droite (1 à 8 dents),Fraise microdentée FR4 / CFK,,1.6,3.175,,38,8.5,,,,8,,,,13.57,RG1,Microverzahnte Fräser,38
00686517,Fraise droite (1 à 8 dents),Fraise microdentée FR4 / CFK,,1.7,3.175,,38,8.5,,,,8,,,,13.57,RG1,Microverzahnte Fräser,38
00686518,Fraise droite (1 à 8 dents),Fraise microdentée FR4 / CFK,,1.8,3.175,,38,8.5,,,,8,,,,13.57,RG1,Microverzahnte Fräser,38
00686519,Fraise droite (1 à 8 dents),Fraise microdentée FR4 / CFK,,1.9,3.175,,38,8.5,,,,8,,,,13.57,RG1,Microverzahnte Fräser,38
0068120,Fraise droite (1 à 8 dents),Fraise microdentée FR4 / CFK,,2,3,,38,8,,,,8,,,,16.38,RG1,Microverzahnte Fräser,38
00686520,Fraise droite (1 à 8 dents),Fraise microdentée FR4 / CFK,,2,3.175,,38,8,,,,8,,,,13.57,RG1,Microverzahnte Fräser,38
00686521,Fraise droite (1 à 8 dents),Fraise microdentée FR4 / CFK,,2.1,3.175,,38,9,,,,8,,,,13.57,RG1,Microverzahnte Fräser,38
00686522,Fraise droite (1 à 8 dents),Fraise microdentée FR4 / CFK,,2.2,3.175,,38,9,,,,8,,,,13.57,RG1,Microverzahnte Fräser,38
00686523,Fraise droite (1 à 8 dents),Fraise microdentée FR4 / CFK,,2.3,3.175,,38,9,,,,8,,,,13.57,RG1,Microverzahnte Fräser,38
0068124,Fraise droite (1 à 8 dents),Fraise microdentée FR4 / CFK,,2.4,3,,38,8,,,,8,,,,16.38,RG1,Microverzahnte Fräser,38
00686524,Fraise droite (1 à 8 dents),Fraise microdentée FR4 / CFK,,2.4,3.175,,38,9,,,,8,,,,13.57,RG1,Microverzahnte Fräser,38
0068130,Fraise droite (1 à 8 dents),Fraise microdentée FR4 / CFK,,3,3,,38,12,,,,8,,,,16.38,RG1,Microverzahnte Fräser,38
00686530,Fraise droite (1 à 8 dents),Fraise microdentée FR4 / CFK,,3,3.175,,38,10,,,,8,,,,13.57,RG1,Microverzahnte Fräser,38
006T106,Fraise droite (1 à 8 dents),Fraise microdentée revêtue (X.CEED / diamant),,0.6,3,,40,3,,,,8,,,,20.06,RG2,Microverzahnte Fräser – beschichtet,39
006T107,Fraise droite (1 à 8 dents),Fraise microdentée revêtue (X.CEED / diamant),,0.7,3,,40,3.5,,,,8,,,,20.06,RG2,Microverzahnte Fräser – beschichtet,39
006T110,Fraise droite (1 à 8 dents),Fraise microdentée revêtue (X.CEED / diamant),,1,3,,40,5,,,,8,,,,20.06,RG2,Microverzahnte Fräser – beschichtet,39
006T115,Fraise droite (1 à 8 dents),Fraise microdentée revêtue (X.CEED / diamant),,1.5,3,,40,8,,,,8,,,,20.06,RG2,Microverzahnte Fräser – beschichtet,39
006T120,Fraise droite (1 à 8 dents),Fraise microdentée revêtue (X.CEED / diamant),,2,3,,40,8,,,,8,,,,20.06,RG2,Microverzahnte Fräser – beschichtet,39
0073126B,Fraise droite (1 à 8 dents),Fraise microdentée revêtue (X.CEED / diamant),,2,3.175,,38,9,,,,8,,,,,,,39
006T124,Fraise droite (1 à 8 dents),Fraise microdentée revêtue (X.CEED / diamant),,2.4,3,,40,8,,,,8,,,,20.06,RG2,Microverzahnte Fräser – beschichtet,39
0073126C,Fraise droite (1 à 8 dents),Fraise microdentée revêtue (X.CEED / diamant),,2.4,3.175,,38,9,,,,8,,,,,,,39
006T130,Fraise droite (1 à 8 dents),Fraise microdentée revêtue (X.CEED / diamant),,3,3,,40,12,,,,8,,,,20.06,RG2,Microverzahnte Fräser – beschichtet,39
0073126D,Fraise droite (1 à 8 dents),Fraise microdentée revêtue (X.CEED / diamant),,3,3.175,,38,9,,,,8,,,,,,,39
0068164,Fraise droite (1 à 8 dents),Fraise microdentée revêtue (X.CEED / diamant),,4,6,,50,16,,,,8,,,,59.35,RG2,Microverzahnte Fräser – beschichtet,39
0068165,Fraise droite (1 à 8 dents),Fraise microdentée revêtue (X.CEED / diamant),,5,6,,50,22,,,,8,,,,59.35,RG2,Microverzahnte Fräser – beschichtet,39
0068166S,Fraise droite (1 à 8 dents),Fraise microdentée revêtue (X.CEED / diamant),,6,6,,50,12,,,,8,,,,59.35,RG2,Microverzahnte Fräser – beschichtet,39
0068812G,Fraise à surfacer,Fraise à surfacer 1 dent étagée rayonnée,,12,6,,45,5,,,,1,,,,114.27,RG2,Einschneider – abgesetzt,42
0068814E,Fraise à surfacer,Fraise à surfacer 1 dent étagée rayonnée,,14,8,,45,5,,,,1,,,,139.95,RG2,"Einschneider – abgesetzt,",42
0068820E,Fraise à surfacer,Fraise à surfacer 1 dent étagée rayonnée,,20,10,,50,7,,,,1,,,,191.31,RG2,"Einschneider – abgesetzt,",42
0068824E,Fraise à surfacer,Fraise à surfacer 1 dent étagée rayonnée,,24,12,,60,8.5,,,,1,,,,255.51,RG2,Einschneider – abgesetzt,42
0068441,Fraise à surfacer,Fraise à surfacer 2 dents étagée,,8,6,,50,10,,,,2,,,,52.75,RG2,Zweischneider – abgesetzt,43
0068440,Fraise à surfacer,Fraise à surfacer 2 dents étagée,,10,6,,50,10,,,,2,,,,74.06,RG2,Zweischneider – abgesetzt,43
0068442G,Fraise à surfacer,Fraise à surfacer 2 dents étagée,,12,6,,50,6,,,,2,,,,88.4,RG2,Zweischneider – abgesetzt,43
0078812A,Fraise à surfacer,Fraise à surfacer 2 dents étagée,,12,10,,50,10,,,,2,,,,74.77,RG2,Zweischneider – abgesetzt,43
0068442A,Fraise à surfacer,Fraise à surfacer 2 dents étagée,,14,6,,50,6,,,,2,,,,140.15,RG2,Zweischneider – abgesetzt,43
0068443G,Fraise à surfacer,Fraise à surfacer 2 dents étagée,,14,8,,50,6,,,,2,,,,124.94,RG2,Zweischneider – abgesetzt,43
0078814,Fraise à surfacer,Fraise à surfacer 2 dents étagée,,14,12,,50,10,,,,2,,,,105.22,RG2,Zweischneider – abgesetzt,43
0078814A,Fraise à surfacer,Fraise à surfacer 2 dents étagée,,14,10,,50,10,,,,2,,,,105.22,RG2,Zweischneider – abgesetzt,43
0078816,Fraise à surfacer,Fraise à surfacer 2 dents étagée,,16,12,,50,10,,,,2,,,,120.43,RG2,Zweischneider – abgesetzt,43
0078816A,Fraise à surfacer,Fraise à surfacer 2 dents étagée,,16,10,,50,10,,,,2,,,,120.43,RG2,Zweischneider – abgesetzt,43
0078816B,Fraise à surfacer,Fraise à surfacer 2 dents étagée,,16,10,,82,12,,,,2,,,,311.58,RG2,Zweischneider – abgesetzt,43
0078818,Fraise à surfacer,Fraise à surfacer 2 dents étagée,,18,12,,50,10,,,,2,,,,150.87,RG2,Zweischneider – abgesetzt,43
0078818A,Fraise à surfacer,Fraise à surfacer 2 dents étagée,,18,10,,50,10,,,,2,,,,150.87,RG2,Zweischneider – abgesetzt,43
0068444G,Fraise à surfacer,Fraise à surfacer 2 dents étagée,,20,8,,50,8,,,,2,,,,160.0,RG2,Zweischneider – abgesetzt,43
0078820,Fraise à surfacer,Fraise à surfacer 2 dents étagée,,20,12,,50,10,,,,2,,,,166.08,RG2,Zweischneider – abgesetzt,43
0078820A,Fraise à surfacer,Fraise à surfacer 2 dents étagée,,20,10,,50,10,,,,2,,,,166.08,RG2,Zweischneider – abgesetzt,43
0068442,Fraise à surfacer,Fraise à surfacer 2 dents étagée rayonnée,,12,6,,50,6,,,0.5,2,,,,88.4,RG2,"Zweischneider – abgesetzt, mit Eckenradius",44
0068442N,Fraise à surfacer,Fraise à surfacer 2 dents étagée rayonnée,,12,8,,50,6,,,0.5,2,,,,88.4,RG2,"Zweischneider – abgesetzt, mit Eckenradius",44
0068443,Fraise à surfacer,Fraise à surfacer 2 dents étagée rayonnée,,14,8,,50,6,,,0.5,2,,,,124.94,RG2,"Zweischneider – abgesetzt, mit Eckenradius",44
0068444,Fraise à surfacer,Fraise à surfacer 2 dents étagée rayonnée,,20,8,,50,8,,,0.5,2,,,,160.0,RG2,"Zweischneider – abgesetzt, mit Eckenradius",44
0078440,Fraise à surfacer,Fraise à surfacer 2 dents étagée rayonnée polie (acrylique),,10,6,,50,6,,,1,2,,,,101.32,RG2,"Zweischneider – abgesetzt, mit Eckenradius und polierter",45
0078442,Fraise à surfacer,Fraise à surfacer 2 dents étagée rayonnée polie (acrylique),,12,6,,50,6,,,1,2,,,,122.46,RG2,"Zweischneider – abgesetzt, mit Eckenradius und polierter",45
0078444,Fraise à surfacer,Fraise à surfacer 2 dents étagée rayonnée polie (acrylique),,14,8,,50,6,,,1,2,,,,176.82,RG2,"Zweischneider – abgesetzt, mit Eckenradius und polierter",45
0078446,Fraise à surfacer,Fraise à surfacer 2 dents étagée rayonnée polie (acrylique),,16,8,,50,6,,,1,2,,,,216.22,RG2,"Zweischneider – abgesetzt, mit Eckenradius und polierter",45
0068171E,Fraise boule,Fraise boule 1 dent,,1,3,,40,4,,,0.5,1,,,,41.41,RG2,Stirnradiusfräser – eine Schneide,48
0068172E,Fraise boule,Fraise boule 1 dent,,2,6,,50,7,,,1,1,,,,41.41,RG2,Stirnradiusfräser – eine Schneide,48
0068173E,Fraise boule,Fraise boule 1 dent,,3,6,,50,8,,,1.5,1,,,,41.41,RG2,Stirnradiusfräser – eine Schneide,48
0068174E,Fraise boule,Fraise boule 1 dent,,4,6,,50,10,,,2,1,,,,41.41,RG2,Stirnradiusfräser – eine Schneide,48
0068175E,Fraise boule,Fraise boule 1 dent,,5,6,,50,12,,,2.5,1,,,,41.41,RG2,Stirnradiusfräser – eine Schneide,48
0068176E,Fraise boule,Fraise boule 1 dent,,6,6,,50,14,,,3,1,,,,41.41,RG2,Stirnradiusfräser – eine Schneide,48
0068178E,Fraise boule,Fraise boule 1 dent,,8,8,,60,14,,,4,1,,,,52.09,RG2,Stirnradiusfräser – eine Schneide,48
0068179E,Fraise boule,Fraise boule 1 dent,,10,10,,60,20,,,5,1,,,,66.96,RG2,Stirnradiusfräser – eine Schneide,48
0068191E,Fraise boule,Fraise boule 1 dent polie pour verre acrylique,,1,6,0.9,50,4,12,,0.5,1,,,,65.46,RG2,"Stirnradiusfräser – eine Schneide, poliert",49
0068191S,Fraise boule,Fraise boule 1 dent polie pour verre acrylique,,1.5,6,1.4,50,5,12,,0.75,1,,,,65.46,RG2,"Stirnradiusfräser – eine Schneide, poliert",49
0068192E,Fraise boule,Fraise boule 1 dent polie pour verre acrylique,,2,6,1.8,50,6,20,,1,1,,,,65.46,RG2,"Stirnradiusfräser – eine Schneide, poliert",49
0068192S,Fraise boule,Fraise boule 1 dent polie pour verre acrylique,,2.5,6,2.3,50,7,20,,1.25,1,,,,65.46,RG2,"Stirnradiusfräser – eine Schneide, poliert",49
0068193E,Fraise boule,Fraise boule 1 dent polie pour verre acrylique,,3,6,2.8,50,8,21,,1.5,1,,,,65.46,RG2,"Stirnradiusfräser – eine Schneide, poliert",49
0068194E,Fraise boule,Fraise boule 1 dent polie pour verre acrylique,,4,6,3.8,50,10,21,,2,1,,,,65.46,RG2,"Stirnradiusfräser – eine Schneide, poliert",49
0068195E,Fraise boule,Fraise boule 1 dent polie pour verre acrylique,,5,6,4.8,50,12,22,,2.5,1,,,,65.46,RG2,"Stirnradiusfräser – eine Schneide, poliert",49
0068196E,Fraise boule,Fraise boule 1 dent polie pour verre acrylique,,6,6,5.8,50,14,22,,3,1,,,,65.46,RG2,"Stirnradiusfräser – eine Schneide, poliert",49
00684003,Fraise boule,Fraise boule 2 dents,,0.3,3,,40,0.5,,,0.15,2,,,,61.6,RG2,Stirnradiusfräser – zwei Schneiden,50
00684005,Fraise boule,Fraise boule 2 dents,,0.5,3,,39,0.8,,,0.25,2,,,,45.35,RG2,Stirnradiusfräser – zwei Schneiden,50
00684007,Fraise boule,Fraise boule 2 dents,,0.7,3,,39,2.1,,,0.35,2,,,,45.35,RG2,Stirnradiusfräser – zwei Schneiden,50
0068400,Fraise boule,Fraise boule 2 dents,,1,3,,38,3,,,0.5,2,,,,31.94,RG2,Stirnradiusfräser – zwei Schneiden,50
0068403,Fraise boule,Fraise boule 2 dents,,3,6,,50,4,,,1.5,2,,,,37.87,RG2,Stirnradiusfräser – zwei Schneiden,50
0068404,Fraise boule,Fraise boule 2 dents,,4,6,,50,5,,,2,2,,,,37.87,RG2,Stirnradiusfräser – zwei Schneiden,50
0068405,Fraise boule,Fraise boule 2 dents,,5,6,,50,5,,,2.5,2,,,,37.87,RG2,Stirnradiusfräser – zwei Schneiden,50
0068406,Fraise boule,Fraise boule 2 dents,,6,6,,50,10,,,3,2,,,,37.87,RG2,Stirnradiusfräser – zwei Schneiden,50
0068408,Fraise boule,Fraise boule 2 dents,,8,8,,50,12,,,4,2,,,,50.37,RG2,Stirnradiusfräser – zwei Schneiden,50
00782004,Fraise boule,Fraise boule 2 dents détalonnée,,0.4,3,0.35,39,0.6,2,,0.2,2,,,,,,,51
00782005,Fraise boule,Fraise boule 2 dents détalonnée,,0.5,3,0.45,39,0.75,4,,0.25,2,,,,,,,51
00782006,Fraise boule,Fraise boule 2 dents détalonnée,,0.6,3,0.55,39,0.9,4,,0.3,2,,,,,,,51
00782008,Fraise boule,Fraise boule 2 dents détalonnée,,0.8,3,0.75,39,1.2,6,,0.4,2,,,,,,,51
00782010,Fraise boule,Fraise boule 2 dents détalonnée,,1,3,0.95,39,1.5,6,,0.5,2,,,,,,,51
00782011,Fraise boule,Fraise boule 2 dents détalonnée,,1,3,0.95,39,1.5,9,,0.5,2,,,,,,,51
00782012,Fraise boule,Fraise boule 2 dents détalonnée,,1.2,3,1.15,39,1.8,9,,0.6,2,,,,,,,51
00782015,Fraise boule,Fraise boule 2 dents détalonnée,,1.5,3,1.45,39,2.2,9,,0.75,2,,,,,,,51
00782020,Fraise boule,Fraise boule 2 dents détalonnée,,2,3,1.95,39,3,12,,1,2,,,,,,,51
0078502,Fraise boule,Fraise boule 2 dents détalonnée,,2,6,1.8,75,5,20,,1,2,,,,42.25,RG2,"Stirnradiusfräser – zwei Schneiden, mit Freischliff",51
0078503,Fraise boule,Fraise boule 2 dents détalonnée,,3,6,2.8,75,6,20,,1.5,2,,,,42.25,RG2,"Stirnradiusfräser – zwei Schneiden, mit Freischliff",51
0078504,Fraise boule,Fraise boule 2 dents détalonnée,,4,6,3.8,75,8,20,,2,2,,,,42.25,RG2,"Stirnradiusfräser – zwei Schneiden, mit Freischliff",51
0078505,Fraise boule,Fraise boule 2 dents détalonnée,,5,6,4.8,100,20,40,,2.5,2,,,,48.17,RG2,"Stirnradiusfräser – zwei Schneiden, mit Freischliff",51
0078506,Fraise boule,Fraise boule 2 dents détalonnée,,6,6,5.8,100,20,40,,3,2,,,,48.17,RG2,"Stirnradiusfräser – zwei Schneiden, mit Freischliff",51
0078508,Fraise boule,Fraise boule 2 dents détalonnée,,8,8,7.8,100,20,40,,4,2,,,,58.28,RG2,"Stirnradiusfräser – zwei Schneiden, mit Freischliff",51
0078510,Fraise boule,Fraise boule 2 dents détalonnée,,10,10,9.8,100,20,40,,5,2,,,,75.93,RG2,"Stirnradiusfräser – zwei Schneiden, mit Freischliff",51
0078512,Fraise boule,Fraise boule 2 dents détalonnée,,12,12,11.7,100,20,40,,6,2,,,,108.82,RG2,"Stirnradiusfräser – zwei Schneiden, mit Freischliff",51
00684004,Fraise boule,Fraise boule 2 dents revêtue ALCRONA,,0.4,3,,39,1.2,,,0.2,2,,,,45.35,RG2,Stirnradiusfräser – zwei Schneiden,52
00684010,Fraise boule,Fraise boule 2 dents revêtue ALCRONA,,0.5,3,,39,1.5,,,0.25,2,,,,45.35,RG2,Stirnradiusfräser – zwei Schneiden,52
00684006,Fraise boule,Fraise boule 2 dents revêtue ALCRONA,,0.6,3,,39,1.8,,,0.3,2,,,,45.35,RG2,Stirnradiusfräser – zwei Schneiden,52
00684008,Fraise boule,Fraise boule 2 dents revêtue ALCRONA,,0.8,3,,38,2.4,,,0.4,2,,,,45.35,RG2,Stirnradiusfräser – zwei Schneiden,52
00684015,Fraise boule,Fraise boule 2 dents revêtue ALCRONA,,1.5,3,,38,3,,,0.75,2,,,,31.94,RG2,Stirnradiusfräser – zwei Schneiden,52
0068402,Fraise boule,Fraise boule 2 dents revêtue ALCRONA,,2,3,,38,4,,,1,2,,,,31.94,RG2,Stirnradiusfräser – zwei Schneiden,52
00684025,Fraise boule,Fraise boule 2 dents revêtue ALCRONA,,2.5,3,,38,5,,,1.25,2,,,,31.94,RG2,Stirnradiusfräser – zwei Schneiden,52
0068401,Fraise boule,Fraise boule 2 dents revêtue ALCRONA,,3,3,,38,6,,,1.5,2,,,,31.94,RG2,Stirnradiusfräser – zwei Schneiden,52
0078542,Fraise boule,Fraise boule 4 dents revêtue ALCRONA,,2,6,,57,6,,,1,4,,,,,,,53
0078543,Fraise boule,Fraise boule 4 dents revêtue ALCRONA,,3,6,,57,8,,,1.5,4,,,,,,,53
0078543A,Fraise boule,Fraise boule 4 dents revêtue ALCRONA,,3,6,,57,20,,,1.5,4,,,,,,,53
0078544,Fraise boule,Fraise boule 4 dents revêtue ALCRONA,,4,6,,57,11,,,2,4,,,,,,,53
0078544A,Fraise boule,Fraise boule 4 dents revêtue ALCRONA,,4,6,,57,20,,,2,4,,,,,,,53
0078545,Fraise boule,Fraise boule 4 dents revêtue ALCRONA,,5,6,,57,13,,,2.5,4,,,,42.95,RG2,"Stirnradiusfräser – vier Schneiden, kurz",53
0078545A,Fraise boule,Fraise boule 4 dents revêtue ALCRONA,,5,6,,75,30,,,2.5,4,,,,42.95,RG2,"Stirnradiusfräser – vier Schneiden, lang",53
0078546,Fraise boule,Fraise boule 4 dents revêtue ALCRONA,,6,6,,57,13,,,3,4,,,,42.95,RG2,"Stirnradiusfräser – vier Schneiden, kurz",53
0078546A,Fraise boule,Fraise boule 4 dents revêtue ALCRONA,,6,6,,75,30,,,3,4,,,,42.95,RG2,"Stirnradiusfräser – vier Schneiden, lang",53
0078548,Fraise boule,Fraise boule 4 dents revêtue ALCRONA,,8,8,,63,19,,,4,4,,,,59.21,RG2,"Stirnradiusfräser – vier Schneiden, kurz",53
0078548A,Fraise boule,Fraise boule 4 dents revêtue ALCRONA,,8,8,,75,30,,,4,4,,,,59.21,RG2,"Stirnradiusfräser – vier Schneiden, lang",53
0078550,Fraise boule,Fraise boule 4 dents revêtue ALCRONA,,10,10,,72,22,,,5,4,,,,79.89,RG2,"Stirnradiusfräser – vier Schneiden, kurz",53
0078550A,Fraise boule,Fraise boule 4 dents revêtue ALCRONA,,10,10,,75,30,,,5,4,,,,79.89,RG2,"Stirnradiusfräser – vier Schneiden, lang",53
0078552,Fraise boule,Fraise boule 4 dents revêtue ALCRONA,,12,12,,83,26,,,6,4,,,,100.59,RG2,"Stirnradiusfräser – vier Schneiden, kurz",53
0078552A,Fraise boule,Fraise boule 4 dents revêtue ALCRONA,,12,12,,100,45,,,6,4,,,,95.72,RG2,"Stirnradiusfräser – vier Schneiden, lang",53
0068460F,Fraise torique (rayon de coin),Fraise torique 2 dents,,6,6,5.8,58,7,21,,1,2,,,,43.53,RG2,Zweischneider – mit Eckenradius,56
0068460S,Fraise torique (rayon de coin),Fraise torique 2 dents,,6,6,,50,6,,,0.5,2,,,,43.53,RG2,"Zweischneider – abgesetzt, mit Eckenradius",56
0068080,Fraise torique (rayon de coin),Fraise torique 2 dents,,8,8,7.8,60,9,23,,1,2,,,,59.21,RG2,Zweischneider – mit Eckenradius,56
0068080K,Fraise torique (rayon de coin),Fraise torique 2 dents,,8,8,,50,12,,,1,2,,,,56.38,RG2,"Zweischneider – abgesetzt, mit Eckenradius",56
0078808R,Fraise torique (rayon de coin),Fraise torique 2 dents,,8,8,7.7,60,10,22,,0.2,2,,,,56.38,RG2,Zweischneider – abgesetzt,56
00781043,Fraise torique (rayon de coin),Fraise torique 2 dents revêtue Triple-Cut,,3,3,2.7,50,4,14,,0.3,2,,,,37.16,RG2,Zweischneider – mit Eckenradius,57
00781063,Fraise torique (rayon de coin),Fraise torique 2 dents revêtue Triple-Cut,,3,3,2.7,50,4,14,,1,2,,,,37.16,RG2,Zweischneider – mit Eckenradius,57
00781044,Fraise torique (rayon de coin),Fraise torique 2 dents revêtue Triple-Cut,,4,4,3.7,50,5,16,,0.4,2,,,,38.57,RG2,Zweischneider – mit Eckenradius,57
00781064,Fraise torique (rayon de coin),Fraise torique 2 dents revêtue Triple-Cut,,4,4,3.7,50,5,16,,1,2,,,,38.57,RG2,Zweischneider – mit Eckenradius,57
00781045,Fraise torique (rayon de coin),Fraise torique 2 dents revêtue Triple-Cut,,5,5,4.6,54,6,18,,0.5,2,,,,41.55,RG2,Zweischneider – mit Eckenradius,57
00781065,Fraise torique (rayon de coin),Fraise torique 2 dents revêtue Triple-Cut,,5,5,4.6,54,6,18,,1,2,,,,41.55,RG2,Zweischneider – mit Eckenradius,57
00781046,Fraise torique (rayon de coin),Fraise torique 2 dents revêtue Triple-Cut,,6,6,5.5,58,7,21,,0.5,2,,,,50.59,RG2,Zweischneider – mit Eckenradius,57
00781066,Fraise torique (rayon de coin),Fraise torique 2 dents revêtue Triple-Cut,,6,6,5.5,58,7,21,,1,2,,,,50.59,RG2,Zweischneider – mit Eckenradius,57
00781048,Fraise torique (rayon de coin),Fraise torique 2 dents revêtue Triple-Cut,,8,8,7.4,63,9,27,,0.5,2,,,,68.63,RG2,Zweischneider – mit Eckenradius,57
00781068,Fraise torique (rayon de coin),Fraise torique 2 dents revêtue Triple-Cut,,8,8,7.4,63,9,27,,1,2,,,,68.63,RG2,Zweischneider – mit Eckenradius,57
00781050,Fraise torique (rayon de coin),Fraise torique 2 dents revêtue Triple-Cut,,10,10,9.2,72,11,32,,0.5,2,,,,89.48,RG2,Zweischneider – mit Eckenradius,57
00781070,Fraise torique (rayon de coin),Fraise torique 2 dents revêtue Triple-Cut,,10,10,9.2,72,11,32,,1,2,,,,89.48,RG2,Zweischneider – mit Eckenradius,57
00686903,Fraise torique (rayon de coin),Fraise torique 4 dents double hélice X.CEED,,3,6,,50,1,,,0.8,4,,,,95.93,RG2,"Torusfräser mit doppeltem Eckenradius, 4-schneidig, beschichtet",59
00686904,Fraise torique (rayon de coin),Fraise torique 4 dents double hélice X.CEED,,4,6,,50,1,,,0.8,4,,,,95.93,RG2,"Torusfräser mit doppeltem Eckenradius, 4-schneidig, beschichtet",59
00686906,Fraise torique (rayon de coin),Fraise torique 4 dents double hélice X.CEED,,6,6,,50,1,,,0.8,4,,,,95.93,RG2,"Torusfräser mit doppeltem Eckenradius, 4-schneidig, beschichtet",59
0078620,Fraise torique (rayon de coin),Fraise torique 4 dents revêtue X.CEED,,2,6,1.8,50,4,12,,0.2,4,,,,,,,58
0078620A,Fraise torique (rayon de coin),Fraise torique 4 dents revêtue X.CEED,,2,6,1.8,50,4,16,,0.2,4,,,,,,,58
0078623,Fraise torique (rayon de coin),Fraise torique 4 dents revêtue X.CEED,,3,6,2.7,50,4,14,,0.3,4,,,,,,,58
0078623A,Fraise torique (rayon de coin),Fraise torique 4 dents revêtue X.CEED,,3,6,2.7,50,4,18,,0.3,4,,,,,,,58
0078624,Fraise torique (rayon de coin),Fraise torique 4 dents revêtue X.CEED,,4,6,3.7,50,5,16,,0.4,4,,,,,,,58
0078625,Fraise torique (rayon de coin),Fraise torique 4 dents revêtue X.CEED,,5,6,4.6,54,6,18,,0.5,4,,,,52.86,RG2,Vierschneider – mit Eckenradius,58
0078625A,Fraise torique (rayon de coin),Fraise torique 4 dents revêtue X.CEED,,5,6,4.6,54,6,18,,1,4,,,,52.86,RG2,Vierschneider – mit Eckenradius,58
0078626,Fraise torique (rayon de coin),Fraise torique 4 dents revêtue X.CEED,,6,6,5.5,57,7,21,,0.5,4,,,,58.79,RG2,Vierschneider – mit Eckenradius,58
0078626A,Fraise torique (rayon de coin),Fraise torique 4 dents revêtue X.CEED,,6,6,5.5,57,7,21,,1,4,,,,58.79,RG2,Vierschneider – mit Eckenradius,58
0078628,Fraise torique (rayon de coin),Fraise torique 4 dents revêtue X.CEED,,8,8,7.4,63,9,27,,0.5,4,,,,79.29,RG2,Vierschneider – mit Eckenradius,58
0078628A,Fraise torique (rayon de coin),Fraise torique 4 dents revêtue X.CEED,,8,8,7.4,63,9,27,,1,4,,,,79.29,RG2,Vierschneider – mit Eckenradius,58
0078630,Fraise torique (rayon de coin),Fraise torique 4 dents revêtue X.CEED,,10,10,9.2,72,11,32,,0.5,4,,,,95.26,RG2,Vierschneider – mit Eckenradius,58
0078630A,Fraise torique (rayon de coin),Fraise torique 4 dents revêtue X.CEED,,10,10,9.2,72,11,32,,1,4,,,,95.26,RG2,Vierschneider – mit Eckenradius,58
00680010E,Fraise à fileter,Fraise à fileter,M1,0.72,3,0.32,40,0.13,3,60,,2,0.25,0.75,,59.02,RG2,Gewindewirbler,80
00680011E,Fraise à fileter,Fraise à fileter,"M1,1",0.825,3,0.425,40,0.13,3,60,,2,0.25,0.85,,59.02,RG2,Gewindewirbler,80
00680012E,Fraise à fileter,Fraise à fileter,"M1,2",0.84,3,0.44,40,0.13,3,60,,2,0.25,0.95,,59.02,RG2,Gewindewirbler,80
00680014E,Fraise à fileter,Fraise à fileter,"M1,4",0.98,3,0.53,40,0.15,4,60,,2,0.3,1.1,,59.02,RG2,Gewindewirbler,80
00680016E,Fraise à fileter,Fraise à fileter,"M1,6",1.12,3,0.61,40,0.17,4,60,,2,0.35,1.3,,59.02,RG2,Gewindefräser,80
00680018E,Fraise à fileter,Fraise à fileter,"M1,8",1.26,3,0.75,40,0.17,4,60,,2,0.35,1.5,,59.02,RG2,Gewindewirbler,80
00680020E,Fraise à fileter,Fraise à fileter,M2,1.4,3,0.83,40,0.19,6,60,,2,0.4,1.6,,59.02,RG2,Gewindewirbler,80
00680022E,Fraise à fileter,Fraise à fileter,"M2,2",1.54,3,0.91,40,0.21,6,60,,2,0.45,1.8,,59.02,RG2,Gewindewirbler,80
00680025E,Fraise à fileter,Fraise à fileter,"M2,5",1.75,3,1.12,40,0.2,6,60,,4,0.45,2.1,,59.02,RG2,Gewindewirbler,80
00680030E,Fraise à fileter,Fraise à fileter,M3,2.1,6,1.31,50,0.26,8,60,,4,0.5,2.5,,63.19,RG2,Gewindewirbler,80
00684503,Fraise à fileter,Fraise à fileter,M3,2.3,6,,50,8,,60,,,,,,164.92,RG2,Multi-Gewindefräser,83
00680035E,Fraise à fileter,Fraise à fileter,"M3,5",2.45,6,1.55,50,0.29,8,60,,4,0.6,2.9,,63.19,RG2,Gewindewirbler,80
00680040E,Fraise à fileter,Fraise à fileter,M4,2.8,6,1.8,50,0.33,11,60,,4,0.7,3.3,,63.19,RG2,Gewindewirbler,80
00684504,Fraise à fileter,Fraise à fileter,M4,3,6,,50,8,,60,,,,,,164.92,RG2,Multi-Gewindefräser,83
00684544,Fraise à fileter,Fraise à fileter,M4,3,6,,50,12,,60,,,,,,170.83,RG2,Multi-Gewindefräser,83
00680045E,Fraise à fileter,Fraise à fileter,"M4,5",3.15,6,2.1,50,0.34,10,60,,4,0.75,3.7,,63.19,RG2,Gewindewirbler,80
00680050E,Fraise à fileter,Fraise à fileter,M5,3.5,6,2.4,50,0.36,10,60,,4,0.8,4.2,,63.19,RG2,Gewindewirbler,80
00684505,Fraise à fileter,Fraise à fileter,M5,3.8,6,,50,12,,60,,,,,,170.83,RG2,Multi-Gewindefräser,83
00684555,Fraise à fileter,Fraise à fileter,M5,3.8,6,,50,16,,60,,,,,,174.51,RG2,Multi-Gewindefräser,83
00680060E,Fraise à fileter,Fraise à fileter,M6,4.2,6,2.9,50,0.43,12,60,,4,1,5,,63.19,RG2,Gewindewirbler,80
00684506,Fraise à fileter,Fraise à fileter,M6,4.5,8,,50,12,,60,,,,,,188.84,RG2,Multi-Gewindefräser,83
00684566,Fraise à fileter,Fraise à fileter,M6,4.5,8,,50,16,,60,,,,,,193.57,RG2,Multi-Gewindefräser,83
00680070E,Fraise à fileter,Fraise à fileter,M7,4.9,6,3.6,54,0.43,14,60,,4,1,6,,63.19,RG2,Gewindewirbler,80
00680080E,Fraise à fileter,Fraise à fileter,M8,5.6,6,4.05,58,0.51,16,60,,4,1.25,6.8,,79.58,RG2,Gewindewirbler,80
00684508,Fraise à fileter,Fraise à fileter,M8,6,10,,50,12,,60,,,,,,199.97,RG2,Multi-Gewindefräser,83
00684588,Fraise à fileter,Fraise à fileter,M8,6,10,,50,16,,60,,,,,,215.94,RG2,Multi-Gewindefräser,83
00680100E,Fraise à fileter,Fraise à fileter,M10,7,8,5.2,60,0.57,21,60,,4,1.5,8.5,,85.7,RG2,Gewindewirbler,80
00680120E,Fraise à fileter,Fraise à fileter,M12,8.4,10,6.35,66,0.69,26,60,,4,1.75,10.2,,94.69,RG2,Gewindewirbler,80
0068419A,Fraise à fileter,Fraise à fileter 3 dents,M2.5 - M3,2,3,1.5,40,1,8.5,60,,3,,,3,91.98,RG2,Fräsgewindefräser,82
0068420A,Fraise à fileter,Fraise à fileter 3 dents,M4 - M5,3,3,2.2,40,1,10,60,,3,,,5,91.98,RG2,Fräsgewindefräser,82
0068456,Fraise à fileter,Fraise à fileter 3 dents,M6,3.6,6,3.4,50,1,12,60,,3,,,6,99.47,RG2,Fräsgewindefräser,82
0068454A,Fraise à fileter,Fraise à fileter 3 dents,Branchement mét.,4.2,6,4,50,2,12,60,,3,,,10,91.98,RG2,Fräsgewindefräser,82
0068457,Fraise à fileter,Fraise à fileter 3 dents,M8 - M10,4.2,6,4,50,1.5,12,60,,3,,,8,99.47,RG2,Fräsgewindefräser,82
0068454,Fraise à fileter,Fraise à fileter 3 dents,PG7 - PG48,4.4,6,4.2,50,2,12,80,,3,,,10,72.77,RG2,Fräsgewindefräser,82
0068458,Fraise à fileter,Fraise à fileter 3 dents,M12 - M16,5.6,6,5.4,50,1.5,12,60,,3,,,10,106.82,RG2,Fräsgewindefräser,82
0068418,Fraise à fileter,Fraise à fileter à multiple denture,M1.0 - M1.2,0.8,3,0.49,40,0.09,3,60,,4,,,,120.39,RG2,Gewindefräser,81
0068418L,Fraise à fileter,Fraise à fileter à multiple denture,M1.0 - M1.2,0.8,3,0.49,40,0.09,6,60,,4,,,,120.39,RG2,Gewindefräser,81
0068418S,Fraise à fileter,Fraise à fileter à multiple denture,M1.4,0.95,3,0.49,40,0.09,3,60,,4,,,,134.96,RG2,Gewindefräser,81
0068419,Fraise à fileter,Fraise à fileter à multiple denture,M1.6 - M2.5,1.4,3,0.9,40,0.1,6,60,,4,,,,72.06,RG2,Gewindefräser,81
0068419L,Fraise à fileter,Fraise à fileter à multiple denture,M1.6 - M2.5,1.4,3,0.9,40,0.1,10,60,,4,,,,78.01,RG2,Gewindefräser,81
0068419X,Fraise à fileter,Fraise à fileter à multiple denture,M1.6 - M2.5,1.4,3,0.9,60,0.1,6,60,,4,,,,147.1,RG2,Gewindefräser,81
0068420,Fraise à fileter,Fraise à fileter à multiple denture,M2.5 - M4,2,3,1,40,0.2,8,60,,4,,,,72.06,RG2,Gewindefräser,81
0068420L,Fraise à fileter,Fraise à fileter à multiple denture,M2.5 - M4,2,3,1,40,0.2,12,60,,4,,,,78.01,RG2,Gewindefräser,81
0068420X,Fraise à fileter,Fraise à fileter à multiple denture,M2.5 - M4,2,3,1,50,0.2,8,60,,4,,,,141.16,RG2,Gewindefräser,81
0068451,Fraise à fileter,Fraise à fileter à multiple denture,M5 - M10,4,6,1,50,0.5,12,60,,4,,,,81.1,RG2,Gewindefräser,81
0068451L,Fraise à fileter,Fraise à fileter à multiple denture,M5 - M10,4,6,2,50,0.5,16,60,,4,,,,88.46,RG2,Gewindefräser,81
0068451X,Fraise à fileter,Fraise à fileter à multiple denture,M5 - M10,4,6,2,58,0.5,30,60,,4,,,,147.1,RG2,Gewindefräser,81
0068450,Fraise à fileter,Fraise à fileter à multiple denture,Withworth ≤ 1/2“,6,6,3,50,0.7,12,55,,4,,,,87.76,RG2,Gewindefräser,81
0068452,Fraise à fileter,Fraise à fileter à multiple denture,PG7 - PG48,6,6,3,50,1.3,12,80,,4,,,,81.1,RG2,Gewindefräser,81
0068450A,Fraise à fileter,Fraise à fileter à multiple denture,Withworth ≥ 1/2“,8,6,3,50,1.55,12,55,,4,,,,123.26,RG2,Gewindefräser,81
0068451A,Fraise à fileter,Fraise à fileter à multiple denture,M10 - M36,8,6,3,50,1.6,12,60,,4,,,,123.26,RG2,Gewindefräser,81
0068478,Chanfrein / lamage,Fraise à chanfreiner,,3,3,,40,1.5,,90,,2,,,,35.75,RG2,Senker,62
0068478A,Chanfrein / lamage,Fraise à chanfreiner,,3,3,,40,2.5,,60,,2,,,,35.75,RG2,Senker,62
0068479,Chanfrein / lamage,Fraise à chanfreiner,,6,6,,50,3,,90,,3,,,,41.69,RG2,Senker,62
0068479A,Chanfrein / lamage,Fraise à chanfreiner,,6,6,,50,1.7,,120,,4,,,,41.69,RG2,Senker,62
0068479B,Chanfrein / lamage,Fraise à chanfreiner,,6,6,,50,8.2,,40,,3,,,,41.69,RG2,Senker,62
0068479C,Chanfrein / lamage,Fraise à chanfreiner,,6,6,,50,4.2,,70,,3,,,,41.69,RG2,Senker,62
0068479D,Chanfrein / lamage,Fraise à chanfreiner,,6,6,,50,1.1,,140,,3,,,,41.69,RG2,Senker,62
0068479E,Chanfrein / lamage,Fraise à chanfreiner,,6,6,,50,1.2,,160,,3,,,,41.69,RG2,Senker,62
0068480B,Chanfrein / lamage,Fraise à chanfreiner,,6,6,,50,5.1,,60,,4,,,,41.69,RG2,Senker,62
0068480,Chanfrein / lamage,Fraise à chanfreiner,,8,6,,50,4,,90,,3,,,,67.25,RG2,Senker,62
0068480A,Chanfrein / lamage,Fraise à chanfreiner,,8,6,,50,2.3,,120,,3,,,,67.25,RG2,Senker,62
0068480C,Chanfrein / lamage,Fraise à chanfreiner,,8,6,,50,3.3,,100,,4,,,,67.25,RG2,Senker,62
0068480N,Chanfrein / lamage,Fraise à chanfreiner,,8,8,,50,4,,90,,3,,,,64.07,RG2,Senker,62
0068483,Chanfrein / lamage,Fraise à chanfreiner,,10,6,,50,5,,90,,3,,,,96.19,RG2,Senker,62
0068483A,Chanfrein / lamage,Fraise à chanfreiner,,10,6,,50,2.8,,120,,4,,,,96.19,RG2,Senker,62
0068483B,Chanfrein / lamage,Fraise à chanfreiner,,10,10,,50,5,,90,,3,,,,96.19,RG2,Senker,62
0068483N,Chanfrein / lamage,Fraise à chanfreiner,,10,8,,50,5,,90,,3,,,,91.6,RG2,Senker,62
0068483D,Chanfrein / lamage,Fraise à chanfreiner,,12,8,,50,6,,90,,4,,,,147.6,RG2,Senker,62
0068483E,Chanfrein / lamage,Fraise à chanfreiner,,12,6,,50,3.4,,120,,4,,,,147.6,RG2,Senker,62
0068483H,Chanfrein / lamage,Fraise à chanfreiner,,14,8,,50,7,,90,,4,,,,158.42,RG2,Senker,62
0068485C,Chanfrein / lamage,Fraise à chanfreiner pour mousse PU,,4,6,10,50,3,,90,,3,,,,136.09,RG2,Senker – für Schaumstoff,64
0068485D,Chanfrein / lamage,Fraise à chanfreiner pour mousse PU,,4,6,12,50,4,,90,,3,,,,151.9,RG2,Senker – für Schaumstoff,64
0068485E,Chanfrein / lamage,Fraise à chanfreiner pour mousse PU,,4,6,14,50,5,,90,,3,,,,165.04,RG2,Senker – für Schaumstoff,64
0068485F,Chanfrein / lamage,Fraise à chanfreiner pour mousse PU,,4,6,16,50,6,,90,,3,,,,211.25,RG2,Senker – für Schaumstoff,64
0068485N,Chanfrein / lamage,Fraise à chanfreiner pour mousse PU,,4,8,14,50,5,,90,,3,,,,185.36,RG2,Senker – für Schaumstoff,64
00685806,Chanfrein / lamage,Fraise à chanfreiner pour verre acrylique,,0.1,6,6,50,3,,90,,6,,,,46.91,RG2,Senker – für Acryl,63
00685808,Chanfrein / lamage,Fraise à chanfreiner pour verre acrylique,,0.1,6,8,50,4,,90,,6,,,,70.51,RG2,Senker – für Acryl,63
00685810,Chanfrein / lamage,Fraise à chanfreiner pour verre acrylique,,4,6,10,50,3,,90,,3,,,,136.09,RG2,Senker – für Acryl,63
00685812,Chanfrein / lamage,Fraise à chanfreiner pour verre acrylique,,4,6,12,50,4,,90,,3,,,,151.9,RG2,Senker – für Acryl,63
00685814,Chanfrein / lamage,Fraise à chanfreiner pour verre acrylique,,4,6,14,50,5,,90,,3,,,,165.04,RG2,Senker – für Acryl,63
00685816,Chanfrein / lamage,Fraise à chanfreiner pour verre acrylique,,4,6,16,50,6,,90,,3,,,,211.25,RG2,Senker – für Acryl,63
0068772,Chanfrein / lamage,Outil de lamage,,2,6,,50,1.9,,90,,1,,,,87.76,RG2,Frässenker,65
0068772A,Chanfrein / lamage,Outil de lamage,,2,6,,50,2.9,,90,,1,,,,87.76,RG2,Frässenker,65
0068772B,Chanfrein / lamage,Outil de lamage,,2,6,,50,4.9,,90,,1,,,,87.76,RG2,Frässenker,65
0068772D,Chanfrein / lamage,Outil de lamage,,2,6,,50,1,,90,,1,,,,87.76,RG2,Frässenker,65
0068772E,Chanfrein / lamage,Outil de lamage,,2,6,,50,1.5,,90,,1,,,,87.76,RG2,Frässenker,65
0068772F,Chanfrein / lamage,Outil de lamage,,2,6,,50,2.5,,90,,1,,,,87.76,RG2,Frässenker,65
0068772G,Chanfrein / lamage,Outil de lamage,,2,6,,50,4,,90,,1,,,,87.76,RG2,Frässenker,65
0068773,Chanfrein / lamage,Outil de lamage,,3,6,,50,2.9,,90,,1,,,,81.81,RG2,Frässenker,65
0068773A,Chanfrein / lamage,Outil de lamage,,3,6,,50,3.9,,90,,1,,,,81.81,RG2,Frässenker,65
0068773B,Chanfrein / lamage,Outil de lamage,,3,6,,50,4.9,,90,,1,,,,81.81,RG2,Frässenker,65
0068773D,Chanfrein / lamage,Outil de lamage,,3,6,,50,1,,90,,1,,,,81.81,RG2,Frässenker,65
0068773E,Chanfrein / lamage,Outil de lamage,,3,6,,50,1.5,,90,,1,,,,,,,65
0068773F,Chanfrein / lamage,Outil de lamage,,3,6,,50,2.5,,90,,1,,,,81.81,RG2,Frässenker,65
0068773G,Chanfrein / lamage,Outil de lamage,,3,6,,50,2,,90,,1,,,,81.81,RG2,Frässenker,65
0068774,Chanfrein / lamage,Outil de lamage,,4,6,,50,2.9,,90,,1,,,,78.7,RG2,Frässenker,65
0068774A,Chanfrein / lamage,Outil de lamage,,4,6,,50,3.9,,90,,1,,,,78.7,RG2,Frässenker,65
0068774B,Chanfrein / lamage,Outil de lamage,,4,6,,50,5,,90,,1,,,,78.7,RG2,Frässenker,65
0068774D,Chanfrein / lamage,Outil de lamage,,4,6,,50,1,,90,,1,,,,78.7,RG2,Frässenker,65
0068774E,Chanfrein / lamage,Outil de lamage,,4,6,,50,1.5,,90,,1,,,,78.7,RG2,Frässenker,65
0068774F,Chanfrein / lamage,Outil de lamage,,4,6,,50,2.5,,90,,1,,,,78.7,RG2,Frässenker,65
0068774G,Chanfrein / lamage,Outil de lamage,,4,6,,50,2,,90,,1,,,,78.7,RG2,Frässenker,65
0068775,Chanfrein / lamage,Outil de lamage,,5,6,,50,3,,90,,1,,,,78.7,RG2,Frässenker,65
0068775A,Chanfrein / lamage,Outil de lamage,,5,6,,50,4,,90,,1,,,,78.7,RG2,Frässenker,65
0068775B,Chanfrein / lamage,Outil de lamage,,5,6,,50,5,,90,,1,,,,78.7,RG2,Frässenker,65
0068775D,Chanfrein / lamage,Outil de lamage,,5,6,,50,1,,90,,1,,,,78.7,RG2,Frässenker,65
0068775E,Chanfrein / lamage,Outil de lamage,,5,6,,50,1.5,,90,,1,,,,78.7,RG2,Frässenker,65
0068775F,Chanfrein / lamage,Outil de lamage,,5,6,,50,2.5,,90,,1,,,,78.7,RG2,Frässenker,65
0068775G,Chanfrein / lamage,Outil de lamage,,5,6,,50,2,,90,,1,,,,78.7,RG2,Frässenker,65
0068701,Foret,"Foret queue 1/8""",,0.1,3.175,,38,1,,130,,2,,,,8.91,RG1,"Bohrer – 1/8"" Schaft",70
00687015,Foret,"Foret queue 1/8""",,0.15,3.175,,38,2.5,,130,,2,,,,8.91,RG1,"Bohrer – 1/8"" Schaft",70
0068702,Foret,"Foret queue 1/8""",,0.2,3.175,,38,3.2,,130,,2,,,,8.91,RG1,"Bohrer – 1/8"" Schaft",70
00687025,Foret,"Foret queue 1/8""",,0.25,3.175,,38,3.5,,130,,2,,,,8.91,RG1,"Bohrer – 1/8"" Schaft",70
0068703,Foret,"Foret queue 1/8""",,0.3,3.175,,38,5.5,,130,,2,,,,6.92,RG1,"Bohrer – 1/8"" Schaft",70
00687035,Foret,"Foret queue 1/8""",,0.35,3.175,,38,5.5,,130,,2,,,,6.92,RG1,"Bohrer – 1/8"" Schaft",70
0068704,Foret,"Foret queue 1/8""",,0.4,3.175,,38,5.5,,130,,2,,,,6.92,RG1,"Bohrer – 1/8"" Schaft",70
00687045,Foret,"Foret queue 1/8""",,0.45,3.175,,38,5.5,,130,,2,,,,5.51,RG1,"Bohrer – 1/8"" Schaft",70
0068705,Foret,"Foret queue 1/8""",,0.5,3.175,,38,5.5,,130,,2,,,,5.51,RG1,"Bohrer – 1/8"" Schaft",70
00687055,Foret,"Foret queue 1/8""",,0.55,3.175,,38,5.5,,130,,2,,,,5.51,RG1,"Bohrer – 1/8"" Schaft",70
0068706,Foret,"Foret queue 1/8""",,0.6,3.175,,38,7,,130,,2,,,,5.51,RG1,"Bohrer – 1/8"" Schaft",70
00687065,Foret,"Foret queue 1/8""",,0.65,3.175,,38,8.5,,130,,2,,,,5.51,RG1,"Bohrer – 1/8"" Schaft",70
0068707,Foret,"Foret queue 1/8""",,0.7,3.175,,38,10.5,,130,,2,,,,5.51,RG1,"Bohrer – 1/8"" Schaft",70
00687075,Foret,"Foret queue 1/8""",,0.75,3.175,,38,10.5,,130,,2,,,,5.51,RG1,"Bohrer – 1/8"" Schaft",70
0068708,Foret,"Foret queue 1/8""",,0.8,3.175,,38,10.5,,130,,2,,,,5.51,RG1,"Bohrer – 1/8"" Schaft",70
00687085,Foret,"Foret queue 1/8""",,0.85,3.175,,38,10.5,,130,,2,,,,5.51,RG1,"Bohrer – 1/8"" Schaft",70
0068709,Foret,"Foret queue 1/8""",,0.9,3.175,,38,10.5,,130,,2,,,,5.51,RG1,"Bohrer – 1/8"" Schaft",70
00687095,Foret,"Foret queue 1/8""",,0.95,3.175,,38,10.5,,130,,2,,,,5.51,RG1,"Bohrer – 1/8"" Schaft",70
0068710,Foret,"Foret queue 1/8""",,1,3.175,,38,10.5,,130,,2,,,,5.51,RG1,"Bohrer – 1/8"" Schaft",70
00687105,Foret,"Foret queue 1/8""",,1.05,3.175,,38,10.5,,130,,2,,,,5.51,RG1,"Bohrer – 1/8"" Schaft",70
0068711,Foret,"Foret queue 1/8""",,1.1,3.175,,38,10.5,,130,,2,,,,5.51,RG1,"Bohrer – 1/8"" Schaft",70
00687115,Foret,"Foret queue 1/8""",,1.15,3.175,,38,10.5,,130,,2,,,,5.51,RG1,"Bohrer – 1/8"" Schaft",70
0068712,Foret,"Foret queue 1/8""",,1.2,3.175,,38,10.5,,130,,2,,,,5.51,RG1,"Bohrer – 1/8"" Schaft",70
00687125,Foret,"Foret queue 1/8""",,1.25,3.175,,38,10.5,,130,,2,,,,5.51,RG1,"Bohrer – 1/8"" Schaft",70
0068713,Foret,"Foret queue 1/8""",,1.3,3.175,,38,10.5,,130,,2,,,,5.51,RG1,"Bohrer – 1/8"" Schaft",70
00687135,Foret,"Foret queue 1/8""",,1.35,3.175,,38,10.5,,130,,2,,,,5.51,RG1,"Bohrer – 1/8"" Schaft",70
0068714,Foret,"Foret queue 1/8""",,1.4,3.175,,38,10.5,,130,,2,,,,5.51,RG1,"Bohrer – 1/8"" Schaft",70
00687145,Foret,"Foret queue 1/8""",,1.45,3.175,,38,10.5,,130,,2,,,,5.51,RG1,"Bohrer – 1/8"" Schaft",70
0068715,Foret,"Foret queue 1/8""",,1.5,3.175,,38,10.5,,130,,2,,,,5.51,RG1,"Bohrer – 1/8"" Schaft",70
00687155,Foret,"Foret queue 1/8""",,1.55,3.175,,38,10.5,,130,,2,,,,5.51,RG1,"Bohrer – 1/8"" Schaft",70
0068716,Foret,"Foret queue 1/8""",,1.6,3.175,,38,10.5,,130,,2,,,,5.51,RG1,"Bohrer – 1/8"" Schaft",70
00687165,Foret,"Foret queue 1/8""",,1.65,3.175,,38,10.5,,130,,2,,,,5.51,RG1,"Bohrer – 1/8"" Schaft",70
0068717,Foret,"Foret queue 1/8""",,1.7,3.175,,38,10.5,,130,,2,,,,5.51,RG1,"Bohrer – 1/8"" Schaft",70
00687175,Foret,"Foret queue 1/8""",,1.75,3.175,,38,10.5,,130,,2,,,,5.51,RG1,"Bohrer – 1/8"" Schaft",70
0068718,Foret,"Foret queue 1/8""",,1.8,3.175,,38,10.5,,130,,2,,,,5.51,RG1,"Bohrer – 1/8"" Schaft",70
00687185,Foret,"Foret queue 1/8""",,1.85,3.175,,38,10.5,,130,,2,,,,5.51,RG1,"Bohrer – 1/8"" Schaft",71
0068719,Foret,"Foret queue 1/8""",,1.9,3.175,,38,10.5,,130,,2,,,,5.51,RG1,"Bohrer – 1/8"" Schaft",71
00687195,Foret,"Foret queue 1/8""",,1.95,3.175,,38,10.5,,130,,2,,,,5.51,RG1,"Bohrer – 1/8"" Schaft",71
0068720,Foret,"Foret queue 1/8""",,2,3.175,,38,10.5,,130,,2,,,,5.51,RG1,"Bohrer – 1/8"" Schaft",71
00687205,Foret,"Foret queue 1/8""",,2.05,3.175,,38,10.5,,130,,2,,,,5.51,RG1,"Bohrer – 1/8"" Schaft",71
0068721,Foret,"Foret queue 1/8""",,2.1,3.175,,38,10.5,,130,,2,,,,5.51,RG1,"Bohrer – 1/8"" Schaft",71
00687215,Foret,"Foret queue 1/8""",,2.15,3.175,,38,10.5,,130,,2,,,,5.51,RG1,"Bohrer – 1/8"" Schaft",71
0068722,Foret,"Foret queue 1/8""",,2.2,3.175,,38,10.5,,130,,2,,,,5.51,RG1,"Bohrer – 1/8"" Schaft",71
00687225,Foret,"Foret queue 1/8""",,2.25,3.175,,38,10.5,,130,,2,,,,5.51,RG1,"Bohrer – 1/8"" Schaft",71
0068723,Foret,"Foret queue 1/8""",,2.3,3.175,,38,10.5,,130,,2,,,,5.51,RG1,"Bohrer – 1/8"" Schaft",71
00687235,Foret,"Foret queue 1/8""",,2.35,3.175,,38,10.5,,130,,2,,,,5.51,RG1,"Bohrer – 1/8"" Schaft",71
0068724,Foret,"Foret queue 1/8""",,2.4,3.175,,38,10.5,,130,,2,,,,5.51,RG1,"Bohrer – 1/8"" Schaft",71
00687245,Foret,"Foret queue 1/8""",,2.45,3.175,,38,10.5,,130,,2,,,,5.51,RG1,"Bohrer – 1/8"" Schaft",71
0068725,Foret,"Foret queue 1/8""",,2.5,3.175,,38,10.5,,130,,2,,,,5.51,RG1,"Bohrer – 1/8"" Schaft",71
0068725X,Foret,"Foret queue 1/8""",,2.5,3.175,,38,12,,130,,2,,,,5.94,RG1,"Bohrer – 1/8"" Schaft",71
00687255,Foret,"Foret queue 1/8""",,2.55,3.175,,38,10.5,,130,,2,,,,5.51,RG1,"Bohrer – 1/8"" Schaft",71
0068726,Foret,"Foret queue 1/8""",,2.6,3.175,,38,10.5,,130,,2,,,,5.51,RG1,"Bohrer – 1/8"" Schaft",71
00687265,Foret,"Foret queue 1/8""",,2.65,3.175,,38,10.5,,130,,2,,,,5.51,RG1,"Bohrer – 1/8"" Schaft",71
0068727,Foret,"Foret queue 1/8""",,2.7,3.175,,38,10.5,,130,,2,,,,5.51,RG1,"Bohrer – 1/8"" Schaft",71
00687275,Foret,"Foret queue 1/8""",,2.75,3.175,,38,10.5,,130,,2,,,,5.51,RG1,"Bohrer – 1/8"" Schaft",71
0068728,Foret,"Foret queue 1/8""",,2.8,3.175,,38,10.5,,130,,2,,,,5.51,RG1,"Bohrer – 1/8"" Schaft",71
00687285,Foret,"Foret queue 1/8""",,2.85,3.175,,38,10.5,,130,,2,,,,5.51,RG1,"Bohrer – 1/8"" Schaft",71
0068729,Foret,"Foret queue 1/8""",,2.9,3.175,,38,10.5,,130,,2,,,,5.51,RG1,"Bohrer – 1/8"" Schaft",71
0068729X,Foret,"Foret queue 1/8""",,2.9,3.175,,38,16,,130,,2,,,,8.01,RG1,"Bohrer – 1/8"" Schaft",71
00687295,Foret,"Foret queue 1/8""",,2.95,3.175,,38,10.5,,130,,2,,,,5.51,RG1,"Bohrer – 1/8"" Schaft",71
0068730,Foret,"Foret queue 1/8""",,3,3.175,,38,10.5,,165,,2,,,,5.51,RG1,"Bohrer – 1/8"" Schaft",71
00687305,Foret,"Foret queue 1/8""",,3.05,3.175,,38,10.5,,165,,2,,,,5.51,RG1,"Bohrer – 1/8"" Schaft",71
0068731,Foret,"Foret queue 1/8""",,3.1,3.175,,38,10.5,,165,,2,,,,5.51,RG1,"Bohrer – 1/8"" Schaft",71
0068732,Foret,"Foret queue 1/8""",,3.2,3.175,,38,12,,165,,2,,,,11.44,RG1,"Bohrer – 1/8"" Schaft, 165°",71
0068733,Foret,"Foret queue 1/8""",,3.3,3.175,,38,12,,165,,2,,,,11.44,RG1,"Bohrer – 1/8"" Schaft, 165°",71
0068734,Foret,"Foret queue 1/8""",,3.4,3.175,,38,12,,165,,2,,,,11.44,RG1,"Bohrer – 1/8"" Schaft, 165°",71
0068735,Foret,"Foret queue 1/8""",,3.5,3.175,,38,12,,165,,2,,,,11.44,RG1,"Bohrer – 1/8"" Schaft, 165°",71
0068736,Foret,"Foret queue 1/8""",,3.6,3.175,,38,12,,165,,2,,,,12.85,RG1,"Bohrer – 1/8"" Schaft, 165°",71
0068737,Foret,"Foret queue 1/8""",,3.7,3.175,,38,12,,165,,2,,,,12.85,RG1,"Bohrer – 1/8"" Schaft, 165°",71
0068738,Foret,"Foret queue 1/8""",,3.8,3.175,,38,12,,165,,2,,,,12.85,RG1,"Bohrer – 1/8"" Schaft, 165°",71
0068739,Foret,"Foret queue 1/8""",,3.9,3.175,,38,12,,165,,2,,,,12.85,RG1,"Bohrer – 1/8"" Schaft, 165°",71
0068740,Foret,"Foret queue 1/8""",,4,3.175,,38,12,,165,,2,,,,12.85,RG1,"Bohrer – 1/8"" Schaft, 165°",71
0068741,Foret,"Foret queue 1/8""",,4.1,3.175,,38,12,,165,,2,,,,13.71,RG1,"Bohrer – 1/8"" Schaft, 165°",71
0068742,Foret,"Foret queue 1/8""",,4.2,3.175,,38,12,,165,,2,,,,13.71,RG1,"Bohrer – 1/8"" Schaft, 165°",71
0068743,Foret,"Foret queue 1/8""",,4.3,3.175,,38,12,,165,,2,,,,13.71,RG1,"Bohrer – 1/8"" Schaft, 165°",71
0068744,Foret,"Foret queue 1/8""",,4.4,3.175,,38,12,,165,,2,,,,13.71,RG1,"Bohrer – 1/8"" Schaft, 165°",71
0068745,Foret,"Foret queue 1/8""",,4.5,3.175,,38,12,,165,,2,,,,13.71,RG1,"Bohrer – 1/8"" Schaft, 165°",71
0068746,Foret,"Foret queue 1/8""",,4.6,3.175,,38,12,,165,,2,,,,14.28,RG1,"Bohrer – 1/8"" Schaft, 165°",71
0068747,Foret,"Foret queue 1/8""",,4.7,3.175,,38,12,,165,,2,,,,14.28,RG1,"Bohrer – 1/8"" Schaft, 165°",71
0068748,Foret,"Foret queue 1/8""",,4.8,3.175,,38,12,,165,,2,,,,14.28,RG1,"Bohrer – 1/8"" Schaft, 165°",71
0068749,Foret,"Foret queue 1/8""",,4.9,3.175,,38,12,,165,,2,,,,14.28,RG1,"Bohrer – 1/8"" Schaft, 165°",71
0068750,Foret,"Foret queue 1/8""",,5,3.175,,38,12,,165,,2,,,,14.28,RG1,"Bohrer – 1/8"" Schaft, 165°",71
0068751,Foret,"Foret queue 1/8""",,5.1,3.175,,38,12,,165,,2,,,,15.69,RG1,"Bohrer – 1/8"" Schaft, 165°",71
0068752,Foret,"Foret queue 1/8""",,5.2,3.175,,38,12,,165,,2,,,,15.69,RG1,"Bohrer – 1/8"" Schaft, 165°",71
0068753,Foret,"Foret queue 1/8""",,5.3,3.175,,38,12,,165,,2,,,,15.69,RG1,"Bohrer – 1/8"" Schaft, 165°",71
0068754,Foret,"Foret queue 1/8""",,5.4,3.175,,38,12,,165,,2,,,,15.69,RG1,"Bohrer – 1/8"" Schaft, 165°",71
0068755,Foret,"Foret queue 1/8""",,5.5,3.175,,38,12,,165,,2,,,,15.69,RG1,"Bohrer – 1/8"" Schaft, 165°",71
0068756,Foret,"Foret queue 1/8""",,5.6,3.175,,38,12,,165,,2,,,,17.1,RG1,"Bohrer – 1/8"" Schaft, 165°",71
0068757,Foret,"Foret queue 1/8""",,5.7,3.175,,38,12,,165,,2,,,,17.1,RG1,"Bohrer – 1/8"" Schaft, 165°",71
0068758,Foret,"Foret queue 1/8""",,5.8,3.175,,38,12,,165,,2,,,,17.1,RG1,"Bohrer – 1/8"" Schaft, 165°",71
0068759,Foret,"Foret queue 1/8""",,5.9,3.175,,38,12,,165,,2,,,,17.1,RG1,"Bohrer – 1/8"" Schaft, 165°",71
0068760,Foret,"Foret queue 1/8""",,6,3.175,,38,12,,165,,2,,,,17.1,RG1,"Bohrer – 1/8"" Schaft, 165°",71
0068761,Foret,"Foret queue 1/8""",,6.1,3.175,,38,12,,165,,2,,,,21.61,RG1,"Bohrer – 1/8"" Schaft, 165°",71
0068762,Foret,"Foret queue 1/8""",,6.2,3.175,,38,12,,165,,2,,,,21.61,RG1,"Bohrer – 1/8"" Schaft, 165°",71
0068763,Foret,"Foret queue 1/8""",,6.3,3.175,,38,12,,165,,2,,,,21.61,RG1,"Bohrer – 1/8"" Schaft, 165°",71
0068764,Foret,"Foret queue 1/8""",,6.4,3.175,,38,12,,165,,2,,,,21.61,RG1,"Bohrer – 1/8"" Schaft, 165°",71
0068765,Foret,"Foret queue 1/8""",,6.5,3.175,,38,12,,165,,2,,,,21.61,RG1,"Bohrer – 1/8"" Schaft, 165°",71
00682015,Foret,Foret queue 3 mm,,0.15,3,,38,2,,130,,2,,,,8.91,RG2,Bohrer – 3 mm Schaft,68
0068202,Foret,Foret queue 3 mm,,0.2,3,,38,3.5,,130,,2,,,,8.91,RG1,Bohrer – 3 mm Schaft,68
00682025,Foret,Foret queue 3 mm,,0.25,3,,38,3.5,,130,,2,,,,8.91,RG1,Bohrer – 3 mm Schaft,68
0068203,Foret,Foret queue 3 mm,,0.3,3,,38,3.5,,130,,2,,,,7.49,RG1,Bohrer – 3 mm Schaft,68
00682035,Foret,Foret queue 3 mm,,0.35,3,,38,3.5,,130,,2,,,,7.49,RG1,Bohrer – 3 mm Schaft,68
0068204,Foret,Foret queue 3 mm,,0.4,3,,38,6,,130,,2,,,,7.49,RG2,Bohrer – 3 mm Schaft,68
00682045,Foret,Foret queue 3 mm,,0.45,3,,38,6,,130,,2,,,,5.94,RG2,Bohrer – 3 mm Schaft,68
0068205,Foret,Foret queue 3 mm,,0.5,3,,38,6,,130,,2,,,,5.94,RG2,Bohrer – 3 mm Schaft,68
00682055,Foret,Foret queue 3 mm,,0.55,3,,38,6,,130,,2,,,,5.94,RG2,Bohrer – 3 mm Schaft,68
0068206,Foret,Foret queue 3 mm,,0.6,3,,38,6.5,,130,,2,,,,5.94,RG2,Bohrer – 3 mm Schaft,68
00682065,Foret,Foret queue 3 mm,,0.65,3,,38,6.5,,130,,2,,,,5.94,RG2,Bohrer – 3 mm Schaft,68
0068207,Foret,Foret queue 3 mm,,0.7,3,,38,10.5,,130,,2,,,,5.94,RG2,Bohrer – 3 mm Schaft,68
00682075,Foret,Foret queue 3 mm,,0.75,3,,38,10.5,,130,,2,,,,5.94,RG2,Bohrer – 3 mm Schaft,68
0068208,Foret,Foret queue 3 mm,,0.8,3,,38,10.5,,130,,2,,,,5.94,RG2,Bohrer – 3 mm Schaft,68
00682085,Foret,Foret queue 3 mm,,0.85,3,,38,10.5,,130,,2,,,,5.94,RG2,Bohrer – 3 mm Schaft,68
0068209,Foret,Foret queue 3 mm,,0.9,3,,38,10.5,,130,,2,,,,5.94,RG2,Bohrer – 3 mm Schaft,68
00682095,Foret,Foret queue 3 mm,,0.95,3,,38,10.5,,130,,2,,,,5.94,RG2,Bohrer – 3 mm Schaft,68
0068210,Foret,Foret queue 3 mm,,1,3,,38,10.5,,130,,2,,,,5.94,RG2,Bohrer – 3 mm Schaft,68
00682105,Foret,Foret queue 3 mm,,1.05,3,,38,10.5,,130,,2,,,,5.94,RG2,Bohrer – 3 mm Schaft,68
0068211,Foret,Foret queue 3 mm,,1.1,3,,38,10.5,,130,,2,,,,5.94,RG2,Bohrer – 3 mm Schaft,68
00682115,Foret,Foret queue 3 mm,,1.15,3,,38,10.5,,130,,2,,,,5.94,RG2,Bohrer – 3 mm Schaft,68
0068212,Foret,Foret queue 3 mm,,1.2,3,,38,10.5,,130,,2,,,,5.94,RG2,Bohrer – 3 mm Schaft,68
00682125,Foret,Foret queue 3 mm,,1.25,3,,38,10.5,,130,,2,,,,5.94,RG2,Bohrer – 3 mm Schaft,68
0068213,Foret,Foret queue 3 mm,,1.3,3,,38,10.5,,130,,2,,,,5.94,RG2,Bohrer – 3 mm Schaft,68
00682135,Foret,Foret queue 3 mm,,1.35,3,,38,10.5,,130,,2,,,,5.94,RG2,Bohrer – 3 mm Schaft,68
0068214,Foret,Foret queue 3 mm,,1.4,3,,38,10.5,,130,,2,,,,5.94,RG2,Bohrer – 3 mm Schaft,68
00682145,Foret,Foret queue 3 mm,,1.45,3,,38,10.5,,130,,2,,,,5.94,RG2,Bohrer – 3 mm Schaft,68
0068215,Foret,Foret queue 3 mm,,1.5,3,,38,10.5,,130,,2,,,,5.94,RG2,Bohrer – 3 mm Schaft,68
00682155,Foret,Foret queue 3 mm,,1.55,3,,38,10.5,,130,,2,,,,5.94,RG2,Bohrer – 3 mm Schaft,68
0068216,Foret,Foret queue 3 mm,,1.6,3,,38,10.5,,130,,2,,,,5.94,RG2,Bohrer – 3 mm Schaft,68
00682165,Foret,Foret queue 3 mm,,1.65,3,,38,10.5,,130,,2,,,,5.94,RG2,Bohrer – 3 mm Schaft,68
0068217,Foret,Foret queue 3 mm,,1.7,3,,38,10.5,,130,,2,,,,5.94,RG2,Bohrer – 3 mm Schaft,68
00682175,Foret,Foret queue 3 mm,,1.75,3,,38,10.5,,130,,2,,,,5.94,RG2,Bohrer – 3 mm Schaft,68
0068218,Foret,Foret queue 3 mm,,1.8,3,,38,10.5,,130,,2,,,,5.94,RG2,Bohrer – 3 mm Schaft,68
00682185,Foret,Foret queue 3 mm,,1.85,3,,38,10.5,,130,,2,,,,5.94,RG2,Bohrer – 3 mm Schaft,69
0068219,Foret,Foret queue 3 mm,,1.9,3,,38,10.5,,130,,2,,,,5.94,RG2,Bohrer – 3 mm Schaft,69
00682195,Foret,Foret queue 3 mm,,1.95,3,,38,10.5,,130,,2,,,,5.94,RG2,Bohrer – 3 mm Schaft,69
0068220,Foret,Foret queue 3 mm,,2,3,,38,10.5,,130,,2,,,,5.94,RG2,Bohrer – 3 mm Schaft,69
00682205,Foret,Foret queue 3 mm,,2.05,3,,38,10.5,,130,,2,,,,5.94,RG2,Bohrer – 3 mm Schaft,69
0068221,Foret,Foret queue 3 mm,,2.1,3,,38,10.5,,130,,2,,,,5.94,RG2,Bohrer – 3 mm Schaft,69
00682215,Foret,Foret queue 3 mm,,2.15,3,,38,10.5,,130,,2,,,,5.94,RG2,Bohrer – 3 mm Schaft,69
0068222,Foret,Foret queue 3 mm,,2.2,3,,38,10.5,,130,,2,,,,5.94,RG2,Bohrer – 3 mm Schaft,69
00682225,Foret,Foret queue 3 mm,,2.25,3,,38,10.5,,130,,2,,,,5.94,RG2,Bohrer – 3 mm Schaft,69
0068223,Foret,Foret queue 3 mm,,2.3,3,,38,10.5,,130,,2,,,,5.94,RG2,Bohrer – 3 mm Schaft,69
00682235,Foret,Foret queue 3 mm,,2.35,3,,38,10.5,,130,,2,,,,5.94,RG2,Bohrer – 3 mm Schaft,69
0068224,Foret,Foret queue 3 mm,,2.4,3,,38,10.5,,130,,2,,,,5.94,RG2,Bohrer – 3 mm Schaft,69
00682245,Foret,Foret queue 3 mm,,2.45,3,,38,10.5,,130,,2,,,,5.94,RG2,Bohrer – 3 mm Schaft,69
0068225,Foret,Foret queue 3 mm,,2.5,3,,38,10.5,,130,,2,,,,5.94,RG2,Bohrer – 3 mm Schaft,69
00682255,Foret,Foret queue 3 mm,,2.55,3,,38,10.5,,130,,2,,,,5.94,RG2,Bohrer – 3 mm Schaft,69
0068226,Foret,Foret queue 3 mm,,2.6,3,,38,10.5,,130,,2,,,,5.94,RG2,Bohrer – 3 mm Schaft,69
00682265,Foret,Foret queue 3 mm,,2.65,3,,38,10.5,,130,,2,,,,5.94,RG2,Bohrer – 3 mm Schaft,69
0068227,Foret,Foret queue 3 mm,,2.7,3,,38,10.5,,130,,2,,,,5.94,RG2,Bohrer – 3 mm Schaft,69
00682275,Foret,Foret queue 3 mm,,2.75,3,,38,10.5,,130,,2,,,,5.94,RG2,Bohrer – 3 mm Schaft,69
0068228,Foret,Foret queue 3 mm,,2.8,3,,38,10.5,,130,,2,,,,5.94,RG2,Bohrer – 3 mm Schaft,69
00682285,Foret,Foret queue 3 mm,,2.85,3,,38,10.5,,130,,2,,,,5.94,RG2,Bohrer – 3 mm Schaft,69
0068229,Foret,Foret queue 3 mm,,2.9,3,,38,10.5,,130,,2,,,,5.94,RG2,Bohrer – 3 mm Schaft,69
00682295,Foret,Foret queue 3 mm,,2.95,3,,38,10.5,,130,,2,,,,5.94,RG2,Bohrer – 3 mm Schaft,69
0068230,Foret,Foret queue 3 mm,,3,3,,38,10.5,,165,,2,,,,5.94,RG2,Bohrer – 3 mm Schaft,69
0068231,Foret,Foret queue 3 mm,,3.1,3,,38,12,,165,,2,,,,15.41,RG2,Bohrer – 3 mm Schaft,69
0068232,Foret,Foret queue 3 mm,,3.2,3,,38,12,,165,,2,,,,15.41,RG2,"Bohrer – 3mm Schaft, 165°",69
0068233,Foret,Foret queue 3 mm,,3.3,3,,38,12,,165,,2,,,,15.41,RG2,"Bohrer – 3mm Schaft, 165°",69
0068234,Foret,Foret queue 3 mm,,3.4,3,,38,12,,165,,2,,,,15.41,RG2,"Bohrer – 3mm Schaft, 165°",69
0068235,Foret,Foret queue 3 mm,,3.5,3,,38,12,,165,,2,,,,15.41,RG2,"Bohrer – 3mm Schaft, 165°",69
0068236,Foret,Foret queue 3 mm,,3.6,3,,38,12,,165,,2,,,,18.22,RG2,"Bohrer – 3mm Schaft, 165°",69
0068237,Foret,Foret queue 3 mm,,3.7,3,,38,12,,165,,2,,,,18.22,RG2,"Bohrer – 3mm Schaft, 165°",69
0068238,Foret,Foret queue 3 mm,,3.8,3,,38,12,,165,,2,,,,18.22,RG2,"Bohrer – 3mm Schaft, 165°",69
0068239,Foret,Foret queue 3 mm,,3.9,3,,38,12,,165,,2,,,,18.22,RG2,"Bohrer – 3mm Schaft, 165°",69
0068240,Foret,Foret queue 3 mm,,4,3,,38,12,,165,,2,,,,18.22,RG2,"Bohrer – 3mm Schaft, 165°",69
0068241,Foret,Foret queue 3 mm,,4.1,3,,38,12,,165,,2,,,,18.22,RG2,"Bohrer – 3mm Schaft, 165°",69
0068242,Foret,Foret queue 3 mm,,4.2,3,,38,12,,165,,2,,,,18.22,RG2,"Bohrer – 3mm Schaft, 165°",69
0068243,Foret,Foret queue 3 mm,,4.3,3,,38,12,,165,,2,,,,18.22,RG2,"Bohrer – 3mm Schaft, 165°",69
0068244,Foret,Foret queue 3 mm,,4.4,3,,38,12,,165,,2,,,,18.22,RG2,"Bohrer – 3mm Schaft, 165°",69
0068245,Foret,Foret queue 3 mm,,4.5,3,,38,12,,165,,2,,,,18.22,RG2,"Bohrer – 3mm Schaft, 165°",69
0068246,Foret,Foret queue 3 mm,,4.6,3,,38,12,,165,,2,,,,21.2,RG2,"Bohrer – 3mm Schaft, 165°",69
0068247,Foret,Foret queue 3 mm,,4.7,3,,38,12,,165,,2,,,,21.2,RG2,"Bohrer – 3mm Schaft, 165°",69
0068248,Foret,Foret queue 3 mm,,4.8,3,,38,12,,165,,2,,,,21.2,RG2,"Bohrer – 3mm Schaft, 165°",69
0068249,Foret,Foret queue 3 mm,,4.9,3,,38,12,,165,,2,,,,21.2,RG2,"Bohrer – 3mm Schaft, 165°",69
0068250,Foret,Foret queue 3 mm,,5,3,,38,12,,165,,2,,,,21.2,RG2,"Bohrer – 3mm Schaft, 165°",69
0068251,Foret,Foret queue 3 mm,,5.1,3,,38,12,,165,,2,,,,23.17,RG2,"Bohrer – 3mm Schaft, 165°",69
0068252,Foret,Foret queue 3 mm,,5.2,3,,38,12,,165,,2,,,,23.17,RG2,"Bohrer – 3mm Schaft, 165°",69
0068253,Foret,Foret queue 3 mm,,5.3,3,,38,12,,165,,2,,,,23.17,RG2,"Bohrer – 3mm Schaft, 165°",69
0068254,Foret,Foret queue 3 mm,,5.4,3,,38,12,,165,,2,,,,23.17,RG2,"Bohrer – 3mm Schaft, 165°",69
0068255,Foret,Foret queue 3 mm,,5.5,3,,38,12,,165,,2,,,,23.17,RG2,"Bohrer – 3mm Schaft, 165°",69
0068256,Foret,Foret queue 3 mm,,5.6,3,,38,12,,165,,2,,,,25.72,RG2,"Bohrer – 3mm Schaft, 165°",69
0068257,Foret,Foret queue 3 mm,,5.7,3,,38,12,,165,,2,,,,25.72,RG2,"Bohrer – 3mm Schaft, 165°",69
0068258,Foret,Foret queue 3 mm,,5.8,3,,38,12,,165,,2,,,,25.72,RG2,"Bohrer – 3mm Schaft, 165°",69
0068259,Foret,Foret queue 3 mm,,5.9,3,,38,12,,165,,2,,,,25.72,RG2,"Bohrer – 3mm Schaft, 165°",69
0068260,Foret,Foret queue 3 mm,,6,3,,38,12,,165,,2,,,,25.72,RG2,"Bohrer – 3mm Schaft, 165°",69
0068261,Foret,Foret queue 3 mm,,6.1,3,,38,12,,165,,2,,,,29.68,RG2,"Bohrer – 3mm Schaft, 165°",69
0068262,Foret,Foret queue 3 mm,,6.2,3,,38,12,,165,,2,,,,29.68,RG2,"Bohrer – 3mm Schaft, 165°",69
0068263,Foret,Foret queue 3 mm,,6.3,3,,38,12,,165,,2,,,,29.68,RG2,"Bohrer – 3mm Schaft, 165°",69
0068264,Foret,Foret queue 3 mm,,6.4,3,,38,12,,165,,2,,,,29.68,RG2,"Bohrer – 3mm Schaft, 165°",69
0068265,Foret,Foret queue 3 mm,,6.5,3,,38,12,,165,,2,,,,29.68,RG2,"Bohrer – 3mm Schaft, 165°",69
0068229X,Foret,Foret queue 6 mm,,2.9,6,,50,21,,130,,2,,,,49.43,RG2,Bohrer – 6 mm Schaft,72
0068230L,Foret,Foret queue 6 mm,,3,6,,50,21,,130,,2,,,,48.17,RG2,Bohrer – 6 mm Schaft,72
0068231L,Foret,Foret queue 6 mm,,3.1,6,,50,21,,130,,2,,,,48.17,RG2,Bohrer – 6 mm Schaft,72
0068232L,Foret,Foret queue 6 mm,,3.2,6,,50,21,,130,,2,,,,48.17,RG2,Bohrer – 6 mm Schaft,72
0068233L,Foret,Foret queue 6 mm,,3.3,6,,50,21,,130,,2,,,,48.17,RG2,Bohrer – 6 mm Schaft,72
0068234L,Foret,Foret queue 6 mm,,3.4,6,,50,21,,130,,2,,,,48.17,RG2,Bohrer – 6 mm Schaft,72
0068235L,Foret,Foret queue 6 mm,,3.5,6,,50,21,,130,,2,,,,48.17,RG2,Bohrer – 6 mm Schaft,72
0068236L,Foret,Foret queue 6 mm,,3.6,6,,50,21,,130,,2,,,,48.17,RG2,Bohrer – 6 mm Schaft,72
0068237L,Foret,Foret queue 6 mm,,3.7,6,,50,21,,130,,2,,,,48.17,RG2,Bohrer – 6 mm Schaft,72
0068238L,Foret,Foret queue 6 mm,,3.8,6,,50,21,,130,,2,,,,48.17,RG2,Bohrer – 6 mm Schaft,72
0068239L,Foret,Foret queue 6 mm,,3.9,6,,50,21,,130,,2,,,,48.17,RG2,Bohrer – 6 mm Schaft,72
0068239X,Foret,Foret queue 6 mm,,3.9,6,,56,26,,130,,2,,,,48.17,RG2,Bohrer – 6 mm Schaft,72
0068240L,Foret,Foret queue 6 mm,,4,6,,50,21,,130,,2,,,,48.17,RG2,Bohrer – 6 mm Schaft,72
0068240X,Foret,Foret queue 6 mm,,4,6,,60,31,,130,,2,,,,55.25,RG2,Bohrer – 6 mm Schaft,72
0068241L,Foret,Foret queue 6 mm,,4.1,6,,50,21,,130,,2,,,,46.77,RG2,Bohrer – 6 mm Schaft,72
0068242L,Foret,Foret queue 6 mm,,4.2,6,,50,21,,130,,2,,,,46.77,RG2,Bohrer – 6 mm Schaft,72
0068243L,Foret,Foret queue 6 mm,,4.3,6,,50,21,,130,,2,,,,46.77,RG2,Bohrer – 6 mm Schaft,72
0068244L,Foret,Foret queue 6 mm,,4.4,6,,50,21,,130,,2,,,,46.77,RG2,Bohrer – 6 mm Schaft,72
0068245L,Foret,Foret queue 6 mm,,4.5,6,,50,21,,130,,2,,,,46.77,RG2,Bohrer – 6 mm Schaft,72
0068245X,Foret,Foret queue 6 mm,,4.5,6,,60,31,,130,,2,,,,53.84,RG2,Bohrer – 6 mm Schaft,72
0068246L,Foret,Foret queue 6 mm,,4.6,6,,50,21,,130,,2,,,,46.77,RG2,Bohrer – 6 mm Schaft,72
0068247L,Foret,Foret queue 6 mm,,4.7,6,,50,21,,130,,2,,,,46.77,RG2,Bohrer – 6 mm Schaft,72
0068248L,Foret,Foret queue 6 mm,,4.8,6,,50,21,,130,,2,,,,46.77,RG2,Bohrer – 6 mm Schaft,72
0068249L,Foret,Foret queue 6 mm,,4.9,6,,50,21,,130,,2,,,,46.77,RG2,Bohrer – 6 mm Schaft,72
0068249X,Foret,Foret queue 6 mm,,4.9,6,,60,31,,130,,2,,,,48.17,RG2,Bohrer – 6 mm Schaft,72
0068250L,Foret,Foret queue 6 mm,,5,6,,50,21,,130,,2,,,,45.35,RG2,Bohrer – 6 mm Schaft,72
0068250X,Foret,Foret queue 6 mm,,5,6,,60,31,,130,,2,,,,52.43,RG2,Bohrer – 6 mm Schaft,72
0068251L,Foret,Foret queue 6 mm,,5.1,6,,50,21,,130,,2,,,,45.35,RG2,Bohrer – 6 mm Schaft,72
0068252L,Foret,Foret queue 6 mm,,5.2,6,,50,21,,130,,2,,,,45.35,RG2,Bohrer – 6 mm Schaft,72
0068253L,Foret,Foret queue 6 mm,,5.3,6,,50,21,,130,,2,,,,45.35,RG2,Bohrer – 6 mm Schaft,72
0068254L,Foret,Foret queue 6 mm,,5.4,6,,50,21,,130,,2,,,,45.35,RG2,Bohrer – 6 mm Schaft,72
0068255L,Foret,Foret queue 6 mm,,5.5,6,,50,21,,130,,2,,,,45.35,RG2,Bohrer – 6 mm Schaft,72
0068255X,Foret,Foret queue 6 mm,,5.5,6,,60,31,,130,,2,,,,52.43,RG2,Bohrer – 6 mm Schaft,72
0068256L,Foret,Foret queue 6 mm,,5.6,6,,50,21,,130,,2,,,,45.35,RG2,Bohrer – 6 mm Schaft,73
0068257L,Foret,Foret queue 6 mm,,5.7,6,,50,21,,130,,2,,,,45.35,RG2,Bohrer – 6 mm Schaft,73
0068258L,Foret,Foret queue 6 mm,,5.8,6,,50,21,,130,,2,,,,45.35,RG2,Bohrer – 6 mm Schaft,73
0068259L,Foret,Foret queue 6 mm,,5.9,6,,50,21,,130,,2,,,,45.35,RG2,Bohrer – 6 mm Schaft,73
0068259X,Foret,Foret queue 6 mm,,5.9,6,,70,36,,130,,2,,,,46.93,RG2,Bohrer – 6 mm Schaft,73
0068260L,Foret,Foret queue 6 mm,,6,6,,50,21,,130,,2,,,,45.35,RG2,Bohrer – 6 mm Schaft,73
0068260X,Foret,Foret queue 6 mm,,6,6,,60,31,,130,,2,,,,52.43,RG2,Bohrer – 6 mm Schaft,73
0068795,"Conique (gravure, rainure en V)",Fraise pour rainure en V,,5,6,,50,10,,90,,2,,,,56.38,RG2,V-Nut Fräser,66
0068795A,"Conique (gravure, rainure en V)",Fraise pour rainure en V,,5,6,,50,10,,60,,2,,,,56.38,RG2,V-Nut Fräser,66
0068795B,"Conique (gravure, rainure en V)",Fraise pour rainure en V,,5,6,,50,10,,120,,2,,,,56.38,RG2,V-Nut Fräser,66
0068796,"Conique (gravure, rainure en V)",Fraise pour rainure en V,,6,6,,58,12,,90,,2,,,,70.51,RG2,V-Nut Fräser,66
0068796A,"Conique (gravure, rainure en V)",Fraise pour rainure en V,,6,6,,58,12,,60,,2,,,,70.51,RG2,V-Nut Fräser,66
0068796B,"Conique (gravure, rainure en V)",Fraise pour rainure en V,,6,6,,58,12,,120,,2,,,,70.51,RG2,V-Nut Fräser,66
0068798,"Conique (gravure, rainure en V)",Fraise pour rainure en V,,8,8,,70,16,,90,,2,,,,106.37,RG2,V-Nut Fräser,66
0068798A,"Conique (gravure, rainure en V)",Fraise pour rainure en V,,8,8,,70,16,,60,,2,,,,106.37,RG2,V-Nut Fräser,66
0068798B,"Conique (gravure, rainure en V)",Fraise pour rainure en V,,8,8,,70,16,,120,,2,,,,106.37,RG2,V-Nut Fräser,66
0068799,"Conique (gravure, rainure en V)",Fraise pour rainure en V,,10,10,,70,16,,90,,2,,,,109.47,RG2,V-Nut-Fräser,66
0068799A,"Conique (gravure, rainure en V)",Fraise pour rainure en V,,10,10,,70,16,,60,,2,,,,109.47,RG2,V-Nut-Fräser,66
0068799B,"Conique (gravure, rainure en V)",Fraise pour rainure en V,,10,10,,70,16,,120,,2,,,,109.47,RG2,V-Nut-Fräser,66
0068278,"Conique (gravure, rainure en V)",Pointe à graver,,0.05,3,,40,,,20,,1,,,,19.93,RG1,Gravierstichel,90
0068284B,"Conique (gravure, rainure en V)",Pointe à graver,,0.05,6,,50,,,20,,1,,,,41.69,RG2,Gravierstichel,91
0068270,"Conique (gravure, rainure en V)",Pointe à graver,,0.1,4,,40,,,20,,1,,,,26.85,RG1,Gravierstichel,90
0068273,"Conique (gravure, rainure en V)",Pointe à graver,,0.1,4,,40,,,30,,1,,,,26.85,RG1,Gravierstichel,90
0068274,"Conique (gravure, rainure en V)",Pointe à graver,,0.1,4,,40,,,40,,1,,,,26.85,RG1,Gravierstichel,90
0068276,"Conique (gravure, rainure en V)",Pointe à graver,,0.1,4,,40,,,60,,1,,,,26.85,RG1,Gravierstichel,90
0068277,"Conique (gravure, rainure en V)",Pointe à graver,,0.1,4,,40,,,90,,1,,,,26.85,RG1,Gravierstichel,90
0068279,"Conique (gravure, rainure en V)",Pointe à graver,,0.1,3,,40,,,20,,1,,,,20.92,RG1,Gravierstichel,90
0068279A,"Conique (gravure, rainure en V)",Pointe à graver,,0.1,3,,40,,,30,,1,,,,19.93,RG1,Gravierstichel,90
0068280,"Conique (gravure, rainure en V)",Pointe à graver,,0.1,3,,40,,,40,,1,,,,19.93,RG1,Gravierstichel,90
0068280A,"Conique (gravure, rainure en V)",Pointe à graver,,0.1,3,,40,,,45,,1,,,,19.93,RG1,Gravierstichel,90
0068281,"Conique (gravure, rainure en V)",Pointe à graver,,0.1,3,,40,,,60,,1,,,,19.93,RG1,Gravierstichel,90
0068282,"Conique (gravure, rainure en V)",Pointe à graver,,0.1,3,,40,,,90,,1,,,,19.93,RG1,Gravierstichel,90
0068283,"Conique (gravure, rainure en V)",Pointe à graver,,0.1,6,,50,,,30,,1,,,,40.27,RG1,Gravierstichel,91
0068283L,"Conique (gravure, rainure en V)",Pointe à graver,,0.1,6,,50,,,40,,1,,,,40.27,RG1,Gravierstichel,91
0068284C,"Conique (gravure, rainure en V)",Pointe à graver,,0.1,6,,50,,,20,,1,,,,41.69,RG2,Gravierstichel,91
0068285,"Conique (gravure, rainure en V)",Pointe à graver,,0.1,6,,50,,,50,,1,,,,40.27,RG1,Gravierstichel,91
0068285A,"Conique (gravure, rainure en V)",Pointe à graver,,0.1,6,,50,,,60,,1,,,,40.27,RG1,Gravierstichel,91
0068286,"Conique (gravure, rainure en V)",Pointe à graver,,0.1,6,,50,,,90,,1,,,,40.27,RG1,Gravierstichel,91
0068287,"Conique (gravure, rainure en V)",Pointe à graver,,0.1,6,,50,,,120,,1,,,,41.69,RG2,Gravierstichel,91
0068679,"Conique (gravure, rainure en V)",Pointe à graver,,0.1,3.175,,40,,,20,,1,,,,19.93,RG1,Gravierstichel,90
0068679A,"Conique (gravure, rainure en V)",Pointe à graver,,0.1,3.175,,40,,,30,,1,,,,19.93,RG1,Gravierstichel,90
0068680,"Conique (gravure, rainure en V)",Pointe à graver,,0.1,3.175,,40,,,40,,1,,,,19.93,RG1,Gravierstichel,90
0068681,"Conique (gravure, rainure en V)",Pointe à graver,,0.1,3.175,,40,,,60,,1,,,,19.93,RG1,Gravierstichel,90
0068682,"Conique (gravure, rainure en V)",Pointe à graver,,0.1,3.175,,40,,,90,,1,,,,19.93,RG1,Gravierstichel,90
0068278A,"Conique (gravure, rainure en V)",Pointe à graver,,0.2,3,,40,,,20,,1,,,,20.92,RG1,Gravierstichel,90
0068279B,"Conique (gravure, rainure en V)",Pointe à graver,,0.2,3,,40,,,30,,1,,,,19.93,RG1,Gravierstichel,90
0068280B,"Conique (gravure, rainure en V)",Pointe à graver,,0.2,3,,40,,,40,,1,,,,19.93,RG1,Gravierstichel,90
0068281A,"Conique (gravure, rainure en V)",Pointe à graver,,0.2,3,,40,,,60,,1,,,,21.4,RG1,Gravierstichel,90
0068283D,"Conique (gravure, rainure en V)",Pointe à graver,,0.2,6,,50,,,30,,1,,,,41.69,RG1,Gravierstichel,91
0068284D,"Conique (gravure, rainure en V)",Pointe à graver,,0.2,6,,50,,,20,,1,,,,41.69,RG2,Gravierstichel,91
0068285D,"Conique (gravure, rainure en V)",Pointe à graver,,0.2,6,,50,,,60,,1,,,,41.69,RG1,Gravierstichel,91
0068283E,"Conique (gravure, rainure en V)",Pointe à graver,,0.3,6,,50,,,30,,1,,,,41.69,RG1,Gravierstichel,91
0068285E,"Conique (gravure, rainure en V)",Pointe à graver,,0.3,6,,50,,,60,,1,,,,41.69,RG1,Gravierstichel,91
0068283F,"Conique (gravure, rainure en V)",Pointe à graver,,0.4,6,,50,,,30,,1,,,,41.69,RG1,Gravierstichel,91
0068284F,"Conique (gravure, rainure en V)",Pointe à graver,,0.4,6,,50,,,20,,1,,,,41.69,RG2,Gravierstichel,91
0068285F,"Conique (gravure, rainure en V)",Pointe à graver,,0.4,6,,50,,,60,,1,,,,41.69,RG1,Gravierstichel,91
0068280D,"Conique (gravure, rainure en V)",Pointe à graver,,0.5,3,,40,,,40,,1,,,,19.93,RG1,Gravierstichel,90
0068283G,"Conique (gravure, rainure en V)",Pointe à graver,,0.6,6,,50,,,30,,1,,,,41.69,RG1,Gravierstichel,91
0068284,"Conique (gravure, rainure en V)",Pointe à graver,,3,3,,40,,,180,,1,,,,17.09,RG1,Gravierstichel,90
0068288,"Conique (gravure, rainure en V)",Pointe à graver,,6,6,,50,,,180,,1,,,,20.92,RG2,Gravierstichel,91
0068510,"Conique (gravure, rainure en V)",Pointe à graver pour l'acier,,0.1,6,,50,,,20,,1,,,,43.1,RG2,Gravierstichel – für die Stahlbearbeitung,93
0068511,"Conique (gravure, rainure en V)",Pointe à graver pour l'acier,,0.1,6,,50,,,30,,1,,,,43.1,RG2,Gravierstichel – für die Stahlbearbeitung,93
0068512,"Conique (gravure, rainure en V)",Pointe à graver pour l'acier,,0.1,6,,50,,,40,,1,,,,43.1,RG2,Gravierstichel – für die Stahlbearbeitung,93
0068513,"Conique (gravure, rainure en V)",Pointe à graver pour l'acier,,0.1,6,,50,,,60,,1,,,,43.1,RG2,Gravierstichel – für die Stahlbearbeitung,93
0068514,"Conique (gravure, rainure en V)",Pointe à graver pour l'acier,,0.1,6,,50,,,90,,1,,,,43.1,RG2,Gravierstichel – für die Stahlbearbeitung,93
0068510A,"Conique (gravure, rainure en V)",Pointe à graver pour l'acier,,0.2,6,,50,,,20,,1,,,,43.1,RG2,Gravierstichel – für die Stahlbearbeitung,93
0068511A,"Conique (gravure, rainure en V)",Pointe à graver pour l'acier,,0.2,6,,50,,,30,,1,,,,43.1,RG2,Gravierstichel – für die Stahlbearbeitung,93
0068512A,"Conique (gravure, rainure en V)",Pointe à graver pour l'acier,,0.2,6,,50,,,40,,1,,,,43.1,RG2,Gravierstichel – für die Stahlbearbeitung,93
0068513A,"Conique (gravure, rainure en V)",Pointe à graver pour l'acier,,0.2,6,,50,,,60,,1,,,,43.1,RG2,Gravierstichel – für die Stahlbearbeitung,93
0068514A,"Conique (gravure, rainure en V)",Pointe à graver pour l'acier,,0.2,6,,50,,,90,,1,,,,43.1,RG2,Gravierstichel – für die Stahlbearbeitung,93
0068520,"Conique (gravure, rainure en V)",Pointe à graver revêtue ALCRONA,,0.1,4,,40,,,30,,1,,,,69.53,RG2,Gravierstichel – für die Hartbearbeitung,94
0068521,"Conique (gravure, rainure en V)",Pointe à graver revêtue ALCRONA,,0.1,4,,40,,,45,,1,,,,69.53,RG2,Gravierstichel – für die Hartbearbeitung,94
0068520A,"Conique (gravure, rainure en V)",Pointe à graver revêtue ALCRONA,,0.2,4,,40,,,30,,1,,,,69.53,RG2,Gravierstichel – für die Hartbearbeitung,94
0068521A,"Conique (gravure, rainure en V)",Pointe à graver revêtue ALCRONA,,0.2,4,,40,,,45,,1,,,,69.53,RG2,Gravierstichel – für die Hartbearbeitung,94
0068282G,"Conique (gravure, rainure en V)",Pointe à graver équilibrée,,0.1,6,,50,,,30,,1,,,,44.79,RG2,Gravierstichel – gewuchtet,92
0068284G,"Conique (gravure, rainure en V)",Pointe à graver équilibrée,,0.1,6,,50,,,40,,1,,,,44.79,RG2,Gravierstichel – gewuchtet,92
0068285G,"Conique (gravure, rainure en V)",Pointe à graver équilibrée,,0.1,6,,50,,,60,,1,,,,44.79,RG2,Gravierstichel – gewuchtet,92
0068286G,"Conique (gravure, rainure en V)",Pointe à graver équilibrée,,0.1,6,,50,,,90,,1,,,,44.79,RG2,Gravierstichel – gewuchtet,92
0068412,Fraise à rayonner (rayon extérieur),Fraise à rayonner,,2,6,6,50,2,,,2,2,,,,47.62,RG2,Außenradiusfräser,86
00684115,Fraise à rayonner (rayon extérieur),Fraise à rayonner,,3,6,6,50,1.5,,,1.5,2,,,,47.62,RG2,Außenradiusfräser,86
00684125,Fraise à rayonner (rayon extérieur),Fraise à rayonner,,3,6,8,50,2.5,,,2.5,4,,,,75.87,RG2,Außenradiusfräser,86
00684125N,Fraise à rayonner (rayon extérieur),Fraise à rayonner,,3,8,8,50,2.5,,,2.5,4,,,,77.83,RG2,Außenradiusfräser,86
00684145,Fraise à rayonner (rayon extérieur),Fraise à rayonner,,3,6,12,50,4.5,,,4.5,4,,,,118.97,RG2,Außenradiusfräser,86
0068415,Fraise à rayonner (rayon extérieur),Fraise à rayonner,,3,6,13,50,5,,,5,4,,,,135.22,RG2,Außenradiusfräser,86
0068411,Fraise à rayonner (rayon extérieur),Fraise à rayonner,,4,6,6,50,1,,,1,2,,,,47.62,RG2,Außenradiusfräser,86
0068413,Fraise à rayonner (rayon extérieur),Fraise à rayonner,,4,6,10,50,3,,,3,4,,,,95.24,RG2,Außenradiusfräser,86
00684135,Fraise à rayonner (rayon extérieur),Fraise à rayonner,,4,6,11,50,3.5,,,3.5,4,,,,111.5,RG2,Außenradiusfräser,86
00684135N,Fraise à rayonner (rayon extérieur),Fraise à rayonner,,4,8,11,50,3.5,,,3.5,4,,,,114.35,RG2,Außenradiusfräser,86
0068413N,Fraise à rayonner (rayon extérieur),Fraise à rayonner,,4,8,10,50,3,,,3,4,,,,97.68,RG2,Außenradiusfräser,86
0068414,Fraise à rayonner (rayon extérieur),Fraise à rayonner,,4,6,12,50,4,,,4,4,,,,118.97,RG2,Außenradiusfräser,86
0068414N,Fraise à rayonner (rayon extérieur),Fraise à rayonner,,4,8,12,50,4,,,4,4,,,,122.03,RG2,Außenradiusfräser,86
0068416,Fraise à rayonner (rayon extérieur),Fraise à rayonner,,4,6,16,50,6,,,6,4,,,,144.98,RG2,Außenradiusfräser,86
0068410,Fraise à rayonner (rayon extérieur),Fraise à rayonner,,5,6,6,50,0.5,,,0.5,2,,,,47.62,RG2,Außenradiusfräser,86
00685710,Fraise à rayonner (rayon extérieur),Fraise à rayonner polie pour verre acrylique,,4,6,6,50,1,,,1,3,,,,58.22,RG2,Außenradiusfräser – poliert,87
00685720,Fraise à rayonner (rayon extérieur),Fraise à rayonner polie pour verre acrylique,,4,6,8,50,2,,,2,3,,,,87.89,RG2,Außenradiusfräser – poliert,87
00685730,Fraise à rayonner (rayon extérieur),Fraise à rayonner polie pour verre acrylique,,4,6,10,50,3,,,3,3,,,,117.57,RG2,Außenradiusfräser – poliert,87
00685715,Fraise à rayonner (rayon extérieur),Fraise à rayonner polie pour verre acrylique,,5,6,8,50,1.5,,,1.5,3,,,,87.89,RG2,Außenradiusfräser – poliert,87
00685725,Fraise à rayonner (rayon extérieur),Fraise à rayonner polie pour verre acrylique,,5,6,10,50,2.5,,,2.5,3,,,,117.57,RG2,Außenradiusfräser – poliert,87
